""	"id"	"X_primary_disease"
"S1186"	"S1186"	"breast invasive carcinoma"
"S1187"	"S1187"	"breast invasive carcinoma"
"S1188"	"S1188"	"breast invasive carcinoma"
"S1189"	"S1189"	"breast invasive carcinoma"
"S1190"	"S1190"	"breast invasive carcinoma"
"S1191"	"S1191"	"breast invasive carcinoma"
"S1193"	"S1193"	"breast invasive carcinoma"
"S1194"	"S1194"	"breast invasive carcinoma"
"S1195"	"S1195"	"breast invasive carcinoma"
"S1196"	"S1196"	"breast invasive carcinoma"
"S1197"	"S1197"	"breast invasive carcinoma"
"S120"	"S120"	"breast invasive carcinoma"
"S1200"	"S1200"	"breast invasive carcinoma"
"S1201"	"S1201"	"breast invasive carcinoma"
"S1202"	"S1202"	"breast invasive carcinoma"
"S1203"	"S1203"	"breast invasive carcinoma"
"S1204"	"S1204"	"breast invasive carcinoma"
"S1205"	"S1205"	"breast invasive carcinoma"
"S1206"	"S1206"	"breast invasive carcinoma"
"S1207"	"S1207"	"breast invasive carcinoma"
"S1209"	"S1209"	"breast invasive carcinoma"
"S1210"	"S1210"	"breast invasive carcinoma"
"S1212"	"S1212"	"breast invasive carcinoma"
"S1214"	"S1214"	"breast invasive carcinoma"
"S1217"	"S1217"	"breast invasive carcinoma"
"S122"	"S122"	"breast invasive carcinoma"
"S1222"	"S1222"	"breast invasive carcinoma"
"S1226"	"S1226"	"breast invasive carcinoma"
"S1227"	"S1227"	"breast invasive carcinoma"
"S1228"	"S1228"	"breast invasive carcinoma"
"S1232"	"S1232"	"breast invasive carcinoma"
"S1234"	"S1234"	"breast invasive carcinoma"
"S1235"	"S1235"	"breast invasive carcinoma"
"S1236"	"S1236"	"breast invasive carcinoma"
"S1240"	"S1240"	"breast invasive carcinoma"
"S1241"	"S1241"	"breast invasive carcinoma"
"S1242"	"S1242"	"breast invasive carcinoma"
"S1244"	"S1244"	"breast invasive carcinoma"
"S1246"	"S1246"	"breast invasive carcinoma"
"S1248"	"S1248"	"breast invasive carcinoma"
"S1249"	"S1249"	"breast invasive carcinoma"
"S125"	"S125"	"breast invasive carcinoma"
"S1251"	"S1251"	"breast invasive carcinoma"
"S1253"	"S1253"	"breast invasive carcinoma"
"S1254"	"S1254"	"breast invasive carcinoma"
"S1256"	"S1256"	"breast invasive carcinoma"
"S1259"	"S1259"	"breast invasive carcinoma"
"S126"	"S126"	"breast invasive carcinoma"
"S1260"	"S1260"	"breast invasive carcinoma"
"S1262"	"S1262"	"breast invasive carcinoma"
"S1264"	"S1264"	"breast invasive carcinoma"
"S1266"	"S1266"	"breast invasive carcinoma"
"S1267"	"S1267"	"breast invasive carcinoma"
"S1268"	"S1268"	"breast invasive carcinoma"
"S1269"	"S1269"	"breast invasive carcinoma"
"S127"	"S127"	"breast invasive carcinoma"
"S1272"	"S1272"	"breast invasive carcinoma"
"S1274"	"S1274"	"breast invasive carcinoma"
"S1276"	"S1276"	"breast invasive carcinoma"
"S1277"	"S1277"	"breast invasive carcinoma"
"S1278"	"S1278"	"breast invasive carcinoma"
"S1279"	"S1279"	"breast invasive carcinoma"
"S1280"	"S1280"	"breast invasive carcinoma"
"S1281"	"S1281"	"breast invasive carcinoma"
"S1282"	"S1282"	"breast invasive carcinoma"
"S1283"	"S1283"	"breast invasive carcinoma"
"S1285"	"S1285"	"breast invasive carcinoma"
"S1287"	"S1287"	"breast invasive carcinoma"
"S1289"	"S1289"	"breast invasive carcinoma"
"S1292"	"S1292"	"breast invasive carcinoma"
"S1294"	"S1294"	"breast invasive carcinoma"
"S1296"	"S1296"	"breast invasive carcinoma"
"S1297"	"S1297"	"breast invasive carcinoma"
"S1298"	"S1298"	"breast invasive carcinoma"
"S1299"	"S1299"	"breast invasive carcinoma"
"S13"	"S13"	"breast invasive carcinoma"
"S1302"	"S1302"	"breast invasive carcinoma"
"S1303"	"S1303"	"breast invasive carcinoma"
"S1304"	"S1304"	"breast invasive carcinoma"
"S1305"	"S1305"	"breast invasive carcinoma"
"S1307"	"S1307"	"breast invasive carcinoma"
"S1312"	"S1312"	"breast invasive carcinoma"
"S1313"	"S1313"	"breast invasive carcinoma"
"S1314"	"S1314"	"breast invasive carcinoma"
"S1316"	"S1316"	"breast invasive carcinoma"
"S1318"	"S1318"	"breast invasive carcinoma"
"S1319"	"S1319"	"breast invasive carcinoma"
"S1321"	"S1321"	"breast invasive carcinoma"
"S1322"	"S1322"	"breast invasive carcinoma"
"S1327"	"S1327"	"breast invasive carcinoma"
"S1328"	"S1328"	"breast invasive carcinoma"
"S133"	"S133"	"breast invasive carcinoma"
"S1330"	"S1330"	"kidney clear cell carcinoma"
"S1332"	"S1332"	"breast invasive carcinoma"
"S1333"	"S1333"	"breast invasive carcinoma"
"S1334"	"S1334"	"kidney clear cell carcinoma"
"S1335"	"S1335"	"kidney clear cell carcinoma"
"S1336"	"S1336"	"breast invasive carcinoma"
"S1337"	"S1337"	"breast invasive carcinoma"
"S1338"	"S1338"	"breast invasive carcinoma"
"S134"	"S134"	"breast invasive carcinoma"
"S1342"	"S1342"	"breast invasive carcinoma"
"S1343"	"S1343"	"breast invasive carcinoma"
"S1344"	"S1344"	"kidney clear cell carcinoma"
"S1345"	"S1345"	"breast invasive carcinoma"
"S1348"	"S1348"	"breast invasive carcinoma"
"S1349"	"S1349"	"kidney clear cell carcinoma"
"S135"	"S135"	"breast invasive carcinoma"
"S1353"	"S1353"	"kidney clear cell carcinoma"
"S1354"	"S1354"	"breast invasive carcinoma"
"S1355"	"S1355"	"breast invasive carcinoma"
"S1356"	"S1356"	"breast invasive carcinoma"
"S1357"	"S1357"	"breast invasive carcinoma"
"S1358"	"S1358"	"kidney clear cell carcinoma"
"S1359"	"S1359"	"kidney clear cell carcinoma"
"S136"	"S136"	"breast invasive carcinoma"
"S1360"	"S1360"	"kidney clear cell carcinoma"
"S1361"	"S1361"	"breast invasive carcinoma"
"S1362"	"S1362"	"breast invasive carcinoma"
"S1364"	"S1364"	"breast invasive carcinoma"
"S1366"	"S1366"	"kidney clear cell carcinoma"
"S1367"	"S1367"	"breast invasive carcinoma"
"S1368"	"S1368"	"kidney clear cell carcinoma"
"S1369"	"S1369"	"breast invasive carcinoma"
"S137"	"S137"	"kidney clear cell carcinoma"
"S1370"	"S1370"	"breast invasive carcinoma"
"S1371"	"S1371"	"breast invasive carcinoma"
"S1372"	"S1372"	"breast invasive carcinoma"
"S1373"	"S1373"	"breast invasive carcinoma"
"S1375"	"S1375"	"breast invasive carcinoma"
"S1376"	"S1376"	"breast invasive carcinoma"
"S1377"	"S1377"	"breast invasive carcinoma"
"S1378"	"S1378"	"breast invasive carcinoma"
"S1379"	"S1379"	"breast invasive carcinoma"
"S138"	"S138"	"breast invasive carcinoma"
"S1381"	"S1381"	"breast invasive carcinoma"
"S1382"	"S1382"	"breast invasive carcinoma"
"S1383"	"S1383"	"breast invasive carcinoma"
"S1384"	"S1384"	"kidney clear cell carcinoma"
"S1386"	"S1386"	"kidney clear cell carcinoma"
"S1387"	"S1387"	"breast invasive carcinoma"
"S1388"	"S1388"	"breast invasive carcinoma"
"S1389"	"S1389"	"kidney clear cell carcinoma"
"S139"	"S139"	"breast invasive carcinoma"
"S1390"	"S1390"	"breast invasive carcinoma"
"S1391"	"S1391"	"kidney clear cell carcinoma"
"S1392"	"S1392"	"breast invasive carcinoma"
"S1394"	"S1394"	"breast invasive carcinoma"
"S1395"	"S1395"	"breast invasive carcinoma"
"S1396"	"S1396"	"breast invasive carcinoma"
"S14"	"S14"	"kidney clear cell carcinoma"
"S140"	"S140"	"breast invasive carcinoma"
"S1400"	"S1400"	"kidney clear cell carcinoma"
"S1402"	"S1402"	"kidney clear cell carcinoma"
"S1403"	"S1403"	"breast invasive carcinoma"
"S1404"	"S1404"	"breast invasive carcinoma"
"S1405"	"S1405"	"breast invasive carcinoma"
"S1406"	"S1406"	"breast invasive carcinoma"
"S1407"	"S1407"	"breast invasive carcinoma"
"S1408"	"S1408"	"breast invasive carcinoma"
"S1409"	"S1409"	"breast invasive carcinoma"
"S141"	"S141"	"breast invasive carcinoma"
"S1411"	"S1411"	"kidney clear cell carcinoma"
"S1413"	"S1413"	"breast invasive carcinoma"
"S1415"	"S1415"	"breast invasive carcinoma"
"S1416"	"S1416"	"breast invasive carcinoma"
"S1417"	"S1417"	"kidney clear cell carcinoma"
"S1418"	"S1418"	"kidney clear cell carcinoma"
"S1419"	"S1419"	"breast invasive carcinoma"
"S142"	"S142"	"breast invasive carcinoma"
"S1420"	"S1420"	"breast invasive carcinoma"
"S1422"	"S1422"	"breast invasive carcinoma"
"S1423"	"S1423"	"lung adenocarcinoma"
"S1424"	"S1424"	"breast invasive carcinoma"
"S1425"	"S1425"	"lung adenocarcinoma"
"S1426"	"S1426"	"breast invasive carcinoma"
"S1427"	"S1427"	"lung adenocarcinoma"
"S1428"	"S1428"	"lung adenocarcinoma"
"S1429"	"S1429"	"kidney clear cell carcinoma"
"S143"	"S143"	"breast invasive carcinoma"
"S1430"	"S1430"	"breast invasive carcinoma"
"S1431"	"S1431"	"lung adenocarcinoma"
"S1432"	"S1432"	"breast invasive carcinoma"
"S1433"	"S1433"	"breast invasive carcinoma"
"S1434"	"S1434"	"lung adenocarcinoma"
"S1435"	"S1435"	"breast invasive carcinoma"
"S1436"	"S1436"	"lung adenocarcinoma"
"S1437"	"S1437"	"lung adenocarcinoma"
"S1438"	"S1438"	"breast invasive carcinoma"
"S1439"	"S1439"	"breast invasive carcinoma"
"S144"	"S144"	"breast invasive carcinoma"
"S1440"	"S1440"	"breast invasive carcinoma"
"S1441"	"S1441"	"kidney clear cell carcinoma"
"S1442"	"S1442"	"kidney clear cell carcinoma"
"S1443"	"S1443"	"breast invasive carcinoma"
"S1444"	"S1444"	"breast invasive carcinoma"
"S1445"	"S1445"	"lung adenocarcinoma"
"S1446"	"S1446"	"breast invasive carcinoma"
"S1447"	"S1447"	"lung adenocarcinoma"
"S1448"	"S1448"	"breast invasive carcinoma"
"S1449"	"S1449"	"breast invasive carcinoma"
"S145"	"S145"	"kidney clear cell carcinoma"
"S1450"	"S1450"	"breast invasive carcinoma"
"S1451"	"S1451"	"breast invasive carcinoma"
"S1452"	"S1452"	"kidney clear cell carcinoma"
"S1453"	"S1453"	"lung adenocarcinoma"
"S1454"	"S1454"	"breast invasive carcinoma"
"S1455"	"S1455"	"lung adenocarcinoma"
"S1456"	"S1456"	"breast invasive carcinoma"
"S1457"	"S1457"	"breast invasive carcinoma"
"S1458"	"S1458"	"lung adenocarcinoma"
"S1459"	"S1459"	"kidney clear cell carcinoma"
"S146"	"S146"	"lung adenocarcinoma"
"S1460"	"S1460"	"breast invasive carcinoma"
"S1461"	"S1461"	"kidney clear cell carcinoma"
"S1462"	"S1462"	"breast invasive carcinoma"
"S1463"	"S1463"	"breast invasive carcinoma"
"S1464"	"S1464"	"breast invasive carcinoma"
"S1465"	"S1465"	"lung adenocarcinoma"
"S1466"	"S1466"	"lung adenocarcinoma"
"S1467"	"S1467"	"lung adenocarcinoma"
"S1468"	"S1468"	"breast invasive carcinoma"
"S1469"	"S1469"	"kidney clear cell carcinoma"
"S147"	"S147"	"lung adenocarcinoma"
"S1470"	"S1470"	"kidney clear cell carcinoma"
"S1471"	"S1471"	"breast invasive carcinoma"
"S1472"	"S1472"	"kidney clear cell carcinoma"
"S1473"	"S1473"	"breast invasive carcinoma"
"S1474"	"S1474"	"breast invasive carcinoma"
"S1475"	"S1475"	"breast invasive carcinoma"
"S1476"	"S1476"	"breast invasive carcinoma"
"S1477"	"S1477"	"lung adenocarcinoma"
"S1478"	"S1478"	"breast invasive carcinoma"
"S1479"	"S1479"	"kidney clear cell carcinoma"
"S148"	"S148"	"breast invasive carcinoma"
"S1480"	"S1480"	"lung adenocarcinoma"
"S1481"	"S1481"	"lung adenocarcinoma"
"S1482"	"S1482"	"lung adenocarcinoma"
"S1483"	"S1483"	"breast invasive carcinoma"
"S1484"	"S1484"	"breast invasive carcinoma"
"S1485"	"S1485"	"lung adenocarcinoma"
"S1486"	"S1486"	"breast invasive carcinoma"
"S1487"	"S1487"	"breast invasive carcinoma"
"S1488"	"S1488"	"lung adenocarcinoma"
"S1489"	"S1489"	"kidney clear cell carcinoma"
"S149"	"S149"	"lung adenocarcinoma"
"S1490"	"S1490"	"kidney clear cell carcinoma"
"S1491"	"S1491"	"breast invasive carcinoma"
"S1492"	"S1492"	"kidney clear cell carcinoma"
"S1493"	"S1493"	"kidney clear cell carcinoma"
"S1494"	"S1494"	"breast invasive carcinoma"
"S1495"	"S1495"	"lung adenocarcinoma"
"S1496"	"S1496"	"lung adenocarcinoma"
"S1497"	"S1497"	"lung adenocarcinoma"
"S1498"	"S1498"	"breast invasive carcinoma"
"S1499"	"S1499"	"breast invasive carcinoma"
"S15"	"S15"	"breast invasive carcinoma"
"S150"	"S150"	"kidney clear cell carcinoma"
"S1500"	"S1500"	"lung adenocarcinoma"
"S1501"	"S1501"	"breast invasive carcinoma"
"S1502"	"S1502"	"lung adenocarcinoma"
"S1503"	"S1503"	"lung adenocarcinoma"
"S1504"	"S1504"	"kidney clear cell carcinoma"
"S1505"	"S1505"	"lung adenocarcinoma"
"S1506"	"S1506"	"lung adenocarcinoma"
"S1507"	"S1507"	"lung adenocarcinoma"
"S1508"	"S1508"	"kidney clear cell carcinoma"
"S1509"	"S1509"	"breast invasive carcinoma"
"S151"	"S151"	"lung adenocarcinoma"
"S1510"	"S1510"	"lung adenocarcinoma"
"S1511"	"S1511"	"kidney clear cell carcinoma"
"S1512"	"S1512"	"breast invasive carcinoma"
"S1513"	"S1513"	"breast invasive carcinoma"
"S1514"	"S1514"	"lung adenocarcinoma"
"S1515"	"S1515"	"breast invasive carcinoma"
"S1516"	"S1516"	"breast invasive carcinoma"
"S1517"	"S1517"	"breast invasive carcinoma"
"S1518"	"S1518"	"breast invasive carcinoma"
"S1519"	"S1519"	"lung adenocarcinoma"
"S152"	"S152"	"breast invasive carcinoma"
"S1520"	"S1520"	"breast invasive carcinoma"
"S1521"	"S1521"	"breast invasive carcinoma"
"S1522"	"S1522"	"kidney clear cell carcinoma"
"S1523"	"S1523"	"breast invasive carcinoma"
"S1524"	"S1524"	"lung adenocarcinoma"
"S1525"	"S1525"	"lung adenocarcinoma"
"S1526"	"S1526"	"lung adenocarcinoma"
"S1527"	"S1527"	"kidney clear cell carcinoma"
"S1528"	"S1528"	"breast invasive carcinoma"
"S1529"	"S1529"	"kidney clear cell carcinoma"
"S153"	"S153"	"lung adenocarcinoma"
"S1530"	"S1530"	"kidney clear cell carcinoma"
"S1531"	"S1531"	"kidney clear cell carcinoma"
"S1532"	"S1532"	"kidney clear cell carcinoma"
"S1533"	"S1533"	"kidney clear cell carcinoma"
"S1534"	"S1534"	"breast invasive carcinoma"
"S1535"	"S1535"	"kidney clear cell carcinoma"
"S1536"	"S1536"	"kidney clear cell carcinoma"
"S1537"	"S1537"	"breast invasive carcinoma"
"S1538"	"S1538"	"breast invasive carcinoma"
"S1539"	"S1539"	"breast invasive carcinoma"
"S154"	"S154"	"lung adenocarcinoma"
"S1540"	"S1540"	"kidney clear cell carcinoma"
"S1541"	"S1541"	"lung adenocarcinoma"
"S1542"	"S1542"	"lung adenocarcinoma"
"S1543"	"S1543"	"breast invasive carcinoma"
"S1544"	"S1544"	"breast invasive carcinoma"
"S1545"	"S1545"	"breast invasive carcinoma"
"S1546"	"S1546"	"kidney clear cell carcinoma"
"S1547"	"S1547"	"breast invasive carcinoma"
"S1548"	"S1548"	"lung adenocarcinoma"
"S1549"	"S1549"	"lung adenocarcinoma"
"S155"	"S155"	"breast invasive carcinoma"
"S1550"	"S1550"	"breast invasive carcinoma"
"S1551"	"S1551"	"lung adenocarcinoma"
"S1552"	"S1552"	"lung adenocarcinoma"
"S1553"	"S1553"	"lung adenocarcinoma"
"S1554"	"S1554"	"kidney clear cell carcinoma"
"S1555"	"S1555"	"kidney clear cell carcinoma"
"S1556"	"S1556"	"lung adenocarcinoma"
"S1557"	"S1557"	"kidney clear cell carcinoma"
"S1558"	"S1558"	"breast invasive carcinoma"
"S1559"	"S1559"	"breast invasive carcinoma"
"S156"	"S156"	"breast invasive carcinoma"
"S1560"	"S1560"	"breast invasive carcinoma"
"S1561"	"S1561"	"breast invasive carcinoma"
"S1562"	"S1562"	"breast invasive carcinoma"
"S1563"	"S1563"	"breast invasive carcinoma"
"S1564"	"S1564"	"kidney clear cell carcinoma"
"S1565"	"S1565"	"lung adenocarcinoma"
"S1566"	"S1566"	"breast invasive carcinoma"
"S1567"	"S1567"	"lung adenocarcinoma"
"S1568"	"S1568"	"lung adenocarcinoma"
"S1569"	"S1569"	"breast invasive carcinoma"
"S157"	"S157"	"breast invasive carcinoma"
"S1570"	"S1570"	"breast invasive carcinoma"
"S1571"	"S1571"	"kidney clear cell carcinoma"
"S1572"	"S1572"	"breast invasive carcinoma"
"S1573"	"S1573"	"breast invasive carcinoma"
"S1574"	"S1574"	"breast invasive carcinoma"
"S1575"	"S1575"	"kidney clear cell carcinoma"
"S1576"	"S1576"	"breast invasive carcinoma"
"S1577"	"S1577"	"kidney clear cell carcinoma"
"S1578"	"S1578"	"breast invasive carcinoma"
"S1579"	"S1579"	"breast invasive carcinoma"
"S158"	"S158"	"breast invasive carcinoma"
"S1580"	"S1580"	"kidney clear cell carcinoma"
"S1581"	"S1581"	"breast invasive carcinoma"
"S1582"	"S1582"	"lung adenocarcinoma"
"S1583"	"S1583"	"kidney clear cell carcinoma"
"S1584"	"S1584"	"breast invasive carcinoma"
"S1585"	"S1585"	"breast invasive carcinoma"
"S1586"	"S1586"	"kidney clear cell carcinoma"
"S1587"	"S1587"	"kidney clear cell carcinoma"
"S1588"	"S1588"	"breast invasive carcinoma"
"S1589"	"S1589"	"breast invasive carcinoma"
"S159"	"S159"	"lung adenocarcinoma"
"S1590"	"S1590"	"lung adenocarcinoma"
"S1591"	"S1591"	"breast invasive carcinoma"
"S1592"	"S1592"	"breast invasive carcinoma"
"S1593"	"S1593"	"breast invasive carcinoma"
"S1594"	"S1594"	"breast invasive carcinoma"
"S1595"	"S1595"	"breast invasive carcinoma"
"S1596"	"S1596"	"breast invasive carcinoma"
"S1597"	"S1597"	"breast invasive carcinoma"
"S1598"	"S1598"	"lung adenocarcinoma"
"S1599"	"S1599"	"breast invasive carcinoma"
"S16"	"S16"	"kidney clear cell carcinoma"
"S160"	"S160"	"lung adenocarcinoma"
"S1600"	"S1600"	"lung adenocarcinoma"
"S1601"	"S1601"	"breast invasive carcinoma"
"S1602"	"S1602"	"kidney clear cell carcinoma"
"S1603"	"S1603"	"lung adenocarcinoma"
"S1604"	"S1604"	"breast invasive carcinoma"
"S1605"	"S1605"	"breast invasive carcinoma"
"S1606"	"S1606"	"breast invasive carcinoma"
"S1607"	"S1607"	"breast invasive carcinoma"
"S1608"	"S1608"	"breast invasive carcinoma"
"S1609"	"S1609"	"lung adenocarcinoma"
"S161"	"S161"	"breast invasive carcinoma"
"S1610"	"S1610"	"lung adenocarcinoma"
"S1611"	"S1611"	"kidney clear cell carcinoma"
"S1612"	"S1612"	"breast invasive carcinoma"
"S1613"	"S1613"	"lung adenocarcinoma"
"S1614"	"S1614"	"lung adenocarcinoma"
"S1615"	"S1615"	"lung adenocarcinoma"
"S1616"	"S1616"	"lung adenocarcinoma"
"S1617"	"S1617"	"lung adenocarcinoma"
"S1618"	"S1618"	"kidney clear cell carcinoma"
"S1619"	"S1619"	"breast invasive carcinoma"
"S162"	"S162"	"lung adenocarcinoma"
"S1620"	"S1620"	"lung adenocarcinoma"
"S1621"	"S1621"	"breast invasive carcinoma"
"S1622"	"S1622"	"breast invasive carcinoma"
"S1623"	"S1623"	"kidney clear cell carcinoma"
"S1624"	"S1624"	"breast invasive carcinoma"
"S1625"	"S1625"	"breast invasive carcinoma"
"S1626"	"S1626"	"breast invasive carcinoma"
"S1627"	"S1627"	"breast invasive carcinoma"
"S1628"	"S1628"	"lung adenocarcinoma"
"S1629"	"S1629"	"breast invasive carcinoma"
"S163"	"S163"	"breast invasive carcinoma"
"S1630"	"S1630"	"breast invasive carcinoma"
"S1631"	"S1631"	"breast invasive carcinoma"
"S1632"	"S1632"	"breast invasive carcinoma"
"S1633"	"S1633"	"breast invasive carcinoma"
"S1634"	"S1634"	"lung adenocarcinoma"
"S1635"	"S1635"	"lung adenocarcinoma"
"S1636"	"S1636"	"breast invasive carcinoma"
"S1637"	"S1637"	"breast invasive carcinoma"
"S1638"	"S1638"	"breast invasive carcinoma"
"S1639"	"S1639"	"lung adenocarcinoma"
"S164"	"S164"	"lung adenocarcinoma"
"S1640"	"S1640"	"breast invasive carcinoma"
"S1641"	"S1641"	"lung adenocarcinoma"
"S1642"	"S1642"	"breast invasive carcinoma"
"S1643"	"S1643"	"kidney clear cell carcinoma"
"S1644"	"S1644"	"breast invasive carcinoma"
"S1645"	"S1645"	"breast invasive carcinoma"
"S1646"	"S1646"	"lung adenocarcinoma"
"S1647"	"S1647"	"breast invasive carcinoma"
"S1648"	"S1648"	"lung adenocarcinoma"
"S1649"	"S1649"	"breast invasive carcinoma"
"S165"	"S165"	"lung adenocarcinoma"
"S1650"	"S1650"	"breast invasive carcinoma"
"S1651"	"S1651"	"breast invasive carcinoma"
"S1652"	"S1652"	"kidney clear cell carcinoma"
"S1653"	"S1653"	"breast invasive carcinoma"
"S1654"	"S1654"	"breast invasive carcinoma"
"S1655"	"S1655"	"breast invasive carcinoma"
"S1656"	"S1656"	"kidney clear cell carcinoma"
"S1657"	"S1657"	"breast invasive carcinoma"
"S1658"	"S1658"	"kidney clear cell carcinoma"
"S1659"	"S1659"	"lung adenocarcinoma"
"S166"	"S166"	"lung adenocarcinoma"
"S1660"	"S1660"	"kidney clear cell carcinoma"
"S1661"	"S1661"	"breast invasive carcinoma"
"S1662"	"S1662"	"lung adenocarcinoma"
"S1663"	"S1663"	"lung adenocarcinoma"
"S1664"	"S1664"	"kidney clear cell carcinoma"
"S1665"	"S1665"	"breast invasive carcinoma"
"S1666"	"S1666"	"breast invasive carcinoma"
"S1667"	"S1667"	"kidney clear cell carcinoma"
"S1668"	"S1668"	"kidney clear cell carcinoma"
"S1669"	"S1669"	"kidney clear cell carcinoma"
"S167"	"S167"	"kidney clear cell carcinoma"
"S1670"	"S1670"	"breast invasive carcinoma"
"S1671"	"S1671"	"lung adenocarcinoma"
"S1672"	"S1672"	"lung adenocarcinoma"
"S1673"	"S1673"	"lung adenocarcinoma"
"S1674"	"S1674"	"kidney clear cell carcinoma"
"S1675"	"S1675"	"lung adenocarcinoma"
"S1676"	"S1676"	"breast invasive carcinoma"
"S1677"	"S1677"	"kidney clear cell carcinoma"
"S1678"	"S1678"	"breast invasive carcinoma"
"S1679"	"S1679"	"kidney clear cell carcinoma"
"S168"	"S168"	"kidney clear cell carcinoma"
"S1680"	"S1680"	"kidney clear cell carcinoma"
"S1681"	"S1681"	"breast invasive carcinoma"
"S1682"	"S1682"	"breast invasive carcinoma"
"S1683"	"S1683"	"lung adenocarcinoma"
"S1684"	"S1684"	"kidney clear cell carcinoma"
"S1685"	"S1685"	"lung adenocarcinoma"
"S1686"	"S1686"	"breast invasive carcinoma"
"S1687"	"S1687"	"kidney clear cell carcinoma"
"S1688"	"S1688"	"breast invasive carcinoma"
"S1689"	"S1689"	"kidney clear cell carcinoma"
"S169"	"S169"	"breast invasive carcinoma"
"S1690"	"S1690"	"breast invasive carcinoma"
"S1691"	"S1691"	"kidney clear cell carcinoma"
"S1692"	"S1692"	"lung adenocarcinoma"
"S1693"	"S1693"	"breast invasive carcinoma"
"S1694"	"S1694"	"lung adenocarcinoma"
"S1695"	"S1695"	"kidney clear cell carcinoma"
"S1696"	"S1696"	"breast invasive carcinoma"
"S1697"	"S1697"	"breast invasive carcinoma"
"S1698"	"S1698"	"lung adenocarcinoma"
"S1699"	"S1699"	"kidney clear cell carcinoma"
"S17"	"S17"	"breast invasive carcinoma"
"S170"	"S170"	"breast invasive carcinoma"
"S1700"	"S1700"	"lung adenocarcinoma"
"S1701"	"S1701"	"breast invasive carcinoma"
"S1702"	"S1702"	"kidney clear cell carcinoma"
"S1703"	"S1703"	"kidney clear cell carcinoma"
"S1704"	"S1704"	"breast invasive carcinoma"
"S1705"	"S1705"	"breast invasive carcinoma"
"S1706"	"S1706"	"breast invasive carcinoma"
"S1707"	"S1707"	"kidney clear cell carcinoma"
"S1708"	"S1708"	"lung adenocarcinoma"
"S1709"	"S1709"	"breast invasive carcinoma"
"S171"	"S171"	"breast invasive carcinoma"
"S1710"	"S1710"	"kidney clear cell carcinoma"
"S1711"	"S1711"	"breast invasive carcinoma"
"S1712"	"S1712"	"kidney clear cell carcinoma"
"S1713"	"S1713"	"breast invasive carcinoma"
"S1714"	"S1714"	"lung adenocarcinoma"
"S1715"	"S1715"	"kidney clear cell carcinoma"
"S1716"	"S1716"	"kidney clear cell carcinoma"
"S1717"	"S1717"	"breast invasive carcinoma"
"S1718"	"S1718"	"breast invasive carcinoma"
"S1719"	"S1719"	"lung adenocarcinoma"
"S172"	"S172"	"kidney clear cell carcinoma"
"S1720"	"S1720"	"kidney clear cell carcinoma"
"S1721"	"S1721"	"breast invasive carcinoma"
"S1722"	"S1722"	"breast invasive carcinoma"
"S1723"	"S1723"	"breast invasive carcinoma"
"S1724"	"S1724"	"lung adenocarcinoma"
"S1725"	"S1725"	"lung adenocarcinoma"
"S1726"	"S1726"	"lung adenocarcinoma"
"S1727"	"S1727"	"lung adenocarcinoma"
"S1728"	"S1728"	"breast invasive carcinoma"
"S1729"	"S1729"	"breast invasive carcinoma"
"S173"	"S173"	"breast invasive carcinoma"
"S1730"	"S1730"	"breast invasive carcinoma"
"S1731"	"S1731"	"breast invasive carcinoma"
"S1732"	"S1732"	"breast invasive carcinoma"
"S1733"	"S1733"	"lung adenocarcinoma"
"S1734"	"S1734"	"breast invasive carcinoma"
"S1735"	"S1735"	"kidney clear cell carcinoma"
"S1736"	"S1736"	"lung adenocarcinoma"
"S1737"	"S1737"	"breast invasive carcinoma"
"S1738"	"S1738"	"kidney clear cell carcinoma"
"S1739"	"S1739"	"kidney clear cell carcinoma"
"S174"	"S174"	"lung adenocarcinoma"
"S1740"	"S1740"	"lung adenocarcinoma"
"S1741"	"S1741"	"kidney clear cell carcinoma"
"S1742"	"S1742"	"breast invasive carcinoma"
"S1743"	"S1743"	"breast invasive carcinoma"
"S1744"	"S1744"	"kidney clear cell carcinoma"
"S1745"	"S1745"	"kidney clear cell carcinoma"
"S1746"	"S1746"	"breast invasive carcinoma"
"S1747"	"S1747"	"breast invasive carcinoma"
"S1748"	"S1748"	"lung adenocarcinoma"
"S1749"	"S1749"	"breast invasive carcinoma"
"S175"	"S175"	"kidney clear cell carcinoma"
"S1750"	"S1750"	"breast invasive carcinoma"
"S1751"	"S1751"	"breast invasive carcinoma"
"S1752"	"S1752"	"lung adenocarcinoma"
"S1753"	"S1753"	"lung adenocarcinoma"
"S1754"	"S1754"	"breast invasive carcinoma"
"S1755"	"S1755"	"breast invasive carcinoma"
"S1756"	"S1756"	"breast invasive carcinoma"
"S1757"	"S1757"	"lung adenocarcinoma"
"S1758"	"S1758"	"lung adenocarcinoma"
"S1759"	"S1759"	"lung adenocarcinoma"
"S176"	"S176"	"breast invasive carcinoma"
"S1760"	"S1760"	"breast invasive carcinoma"
"S1761"	"S1761"	"lung adenocarcinoma"
"S1762"	"S1762"	"lung adenocarcinoma"
"S1763"	"S1763"	"kidney clear cell carcinoma"
"S1764"	"S1764"	"lung adenocarcinoma"
"S1765"	"S1765"	"breast invasive carcinoma"
"S1766"	"S1766"	"breast invasive carcinoma"
"S1767"	"S1767"	"breast invasive carcinoma"
"S1768"	"S1768"	"lung adenocarcinoma"
"S1769"	"S1769"	"breast invasive carcinoma"
"S177"	"S177"	"breast invasive carcinoma"
"S1770"	"S1770"	"breast invasive carcinoma"
"S1771"	"S1771"	"kidney clear cell carcinoma"
"S1772"	"S1772"	"breast invasive carcinoma"
"S1773"	"S1773"	"lung adenocarcinoma"
"S1774"	"S1774"	"breast invasive carcinoma"
"S1775"	"S1775"	"breast invasive carcinoma"
"S1776"	"S1776"	"breast invasive carcinoma"
"S1777"	"S1777"	"breast invasive carcinoma"
"S1778"	"S1778"	"kidney clear cell carcinoma"
"S1779"	"S1779"	"breast invasive carcinoma"
"S178"	"S178"	"breast invasive carcinoma"
"S1780"	"S1780"	"kidney clear cell carcinoma"
"S1781"	"S1781"	"kidney clear cell carcinoma"
"S1782"	"S1782"	"breast invasive carcinoma"
"S1783"	"S1783"	"breast invasive carcinoma"
"S1784"	"S1784"	"breast invasive carcinoma"
"S1785"	"S1785"	"breast invasive carcinoma"
"S1786"	"S1786"	"kidney clear cell carcinoma"
"S1787"	"S1787"	"kidney clear cell carcinoma"
"S1788"	"S1788"	"breast invasive carcinoma"
"S1789"	"S1789"	"breast invasive carcinoma"
"S179"	"S179"	"kidney clear cell carcinoma"
"S1790"	"S1790"	"breast invasive carcinoma"
"S1791"	"S1791"	"breast invasive carcinoma"
"S1792"	"S1792"	"kidney clear cell carcinoma"
"S1793"	"S1793"	"breast invasive carcinoma"
"S1794"	"S1794"	"breast invasive carcinoma"
"S1795"	"S1795"	"breast invasive carcinoma"
"S1796"	"S1796"	"kidney clear cell carcinoma"
"S1797"	"S1797"	"breast invasive carcinoma"
"S1798"	"S1798"	"kidney clear cell carcinoma"
"S1799"	"S1799"	"lung adenocarcinoma"
"S18"	"S18"	"lung adenocarcinoma"
"S180"	"S180"	"kidney clear cell carcinoma"
"S1800"	"S1800"	"breast invasive carcinoma"
"S1801"	"S1801"	"breast invasive carcinoma"
"S1802"	"S1802"	"kidney clear cell carcinoma"
"S1803"	"S1803"	"breast invasive carcinoma"
"S1804"	"S1804"	"kidney clear cell carcinoma"
"S1805"	"S1805"	"kidney clear cell carcinoma"
"S1806"	"S1806"	"kidney clear cell carcinoma"
"S1807"	"S1807"	"breast invasive carcinoma"
"S1808"	"S1808"	"breast invasive carcinoma"
"S1809"	"S1809"	"breast invasive carcinoma"
"S181"	"S181"	"breast invasive carcinoma"
"S1810"	"S1810"	"breast invasive carcinoma"
"S1811"	"S1811"	"breast invasive carcinoma"
"S1812"	"S1812"	"breast invasive carcinoma"
"S1813"	"S1813"	"lung adenocarcinoma"
"S1814"	"S1814"	"breast invasive carcinoma"
"S1815"	"S1815"	"breast invasive carcinoma"
"S1816"	"S1816"	"breast invasive carcinoma"
"S1817"	"S1817"	"breast invasive carcinoma"
"S1818"	"S1818"	"kidney clear cell carcinoma"
"S1819"	"S1819"	"breast invasive carcinoma"
"S182"	"S182"	"breast invasive carcinoma"
"S1820"	"S1820"	"kidney clear cell carcinoma"
"S1821"	"S1821"	"breast invasive carcinoma"
"S1822"	"S1822"	"kidney clear cell carcinoma"
"S1823"	"S1823"	"lung adenocarcinoma"
"S1824"	"S1824"	"kidney clear cell carcinoma"
"S1825"	"S1825"	"breast invasive carcinoma"
"S1826"	"S1826"	"breast invasive carcinoma"
"S1827"	"S1827"	"breast invasive carcinoma"
"S1828"	"S1828"	"kidney clear cell carcinoma"
"S1829"	"S1829"	"kidney clear cell carcinoma"
"S183"	"S183"	"lung adenocarcinoma"
"S1830"	"S1830"	"breast invasive carcinoma"
"S1831"	"S1831"	"breast invasive carcinoma"
"S1832"	"S1832"	"kidney clear cell carcinoma"
"S1833"	"S1833"	"breast invasive carcinoma"
"S1834"	"S1834"	"breast invasive carcinoma"
"S1835"	"S1835"	"lung adenocarcinoma"
"S1836"	"S1836"	"kidney clear cell carcinoma"
"S1837"	"S1837"	"kidney clear cell carcinoma"
"S1838"	"S1838"	"kidney clear cell carcinoma"
"S1839"	"S1839"	"lung adenocarcinoma"
"S184"	"S184"	"breast invasive carcinoma"
"S1840"	"S1840"	"lung adenocarcinoma"
"S1841"	"S1841"	"lung adenocarcinoma"
"S1842"	"S1842"	"breast invasive carcinoma"
"S1843"	"S1843"	"breast invasive carcinoma"
"S1844"	"S1844"	"kidney clear cell carcinoma"
"S1845"	"S1845"	"kidney clear cell carcinoma"
"S1846"	"S1846"	"breast invasive carcinoma"
"S1847"	"S1847"	"lung adenocarcinoma"
"S1848"	"S1848"	"breast invasive carcinoma"
"S1849"	"S1849"	"kidney clear cell carcinoma"
"S185"	"S185"	"breast invasive carcinoma"
"S1850"	"S1850"	"lung adenocarcinoma"
"S1851"	"S1851"	"kidney clear cell carcinoma"
"S1852"	"S1852"	"breast invasive carcinoma"
"S1853"	"S1853"	"breast invasive carcinoma"
"S1854"	"S1854"	"breast invasive carcinoma"
"S1855"	"S1855"	"breast invasive carcinoma"
"S1856"	"S1856"	"kidney clear cell carcinoma"
"S1857"	"S1857"	"kidney clear cell carcinoma"
"S1858"	"S1858"	"breast invasive carcinoma"
"S1859"	"S1859"	"breast invasive carcinoma"
"S186"	"S186"	"lung adenocarcinoma"
"S1860"	"S1860"	"breast invasive carcinoma"
"S1861"	"S1861"	"breast invasive carcinoma"
"S1862"	"S1862"	"breast invasive carcinoma"
"S1863"	"S1863"	"kidney clear cell carcinoma"
"S1864"	"S1864"	"breast invasive carcinoma"
"S1865"	"S1865"	"lung adenocarcinoma"
"S1866"	"S1866"	"breast invasive carcinoma"
"S1867"	"S1867"	"breast invasive carcinoma"
"S1868"	"S1868"	"lung adenocarcinoma"
"S1869"	"S1869"	"breast invasive carcinoma"
"S187"	"S187"	"kidney clear cell carcinoma"
"S1870"	"S1870"	"lung adenocarcinoma"
"S1871"	"S1871"	"kidney clear cell carcinoma"
"S1872"	"S1872"	"kidney clear cell carcinoma"
"S1873"	"S1873"	"kidney clear cell carcinoma"
"S1874"	"S1874"	"breast invasive carcinoma"
"S1875"	"S1875"	"lung adenocarcinoma"
"S1876"	"S1876"	"breast invasive carcinoma"
"S1877"	"S1877"	"breast invasive carcinoma"
"S1878"	"S1878"	"kidney clear cell carcinoma"
"S1879"	"S1879"	"breast invasive carcinoma"
"S188"	"S188"	"breast invasive carcinoma"
"S1880"	"S1880"	"lung adenocarcinoma"
"S1881"	"S1881"	"kidney clear cell carcinoma"
"S1882"	"S1882"	"lung adenocarcinoma"
"S1883"	"S1883"	"breast invasive carcinoma"
"S1884"	"S1884"	"kidney clear cell carcinoma"
"S1885"	"S1885"	"lung adenocarcinoma"
"S1886"	"S1886"	"breast invasive carcinoma"
"S1887"	"S1887"	"breast invasive carcinoma"
"S1888"	"S1888"	"lung adenocarcinoma"
"S1889"	"S1889"	"kidney clear cell carcinoma"
"S189"	"S189"	"kidney clear cell carcinoma"
"S1890"	"S1890"	"breast invasive carcinoma"
"S1891"	"S1891"	"breast invasive carcinoma"
"S1892"	"S1892"	"breast invasive carcinoma"
"S1893"	"S1893"	"lung adenocarcinoma"
"S1894"	"S1894"	"lung adenocarcinoma"
"S1895"	"S1895"	"breast invasive carcinoma"
"S1896"	"S1896"	"breast invasive carcinoma"
"S1897"	"S1897"	"lung adenocarcinoma"
"S1898"	"S1898"	"lung adenocarcinoma"
"S1899"	"S1899"	"lung adenocarcinoma"
"S19"	"S19"	"lung adenocarcinoma"
"S190"	"S190"	"breast invasive carcinoma"
"S1900"	"S1900"	"kidney clear cell carcinoma"
"S1901"	"S1901"	"kidney clear cell carcinoma"
"S1902"	"S1902"	"breast invasive carcinoma"
"S1903"	"S1903"	"kidney clear cell carcinoma"
"S1904"	"S1904"	"kidney clear cell carcinoma"
"S1905"	"S1905"	"breast invasive carcinoma"
"S1906"	"S1906"	"kidney clear cell carcinoma"
"S1907"	"S1907"	"breast invasive carcinoma"
"S1908"	"S1908"	"kidney clear cell carcinoma"
"S1909"	"S1909"	"lung adenocarcinoma"
"S191"	"S191"	"breast invasive carcinoma"
"S1910"	"S1910"	"breast invasive carcinoma"
"S1911"	"S1911"	"kidney clear cell carcinoma"
"S1912"	"S1912"	"lung adenocarcinoma"
"S1913"	"S1913"	"lung adenocarcinoma"
"S1914"	"S1914"	"kidney clear cell carcinoma"
"S1915"	"S1915"	"lung adenocarcinoma"
"S1916"	"S1916"	"lung adenocarcinoma"
"S1917"	"S1917"	"breast invasive carcinoma"
"S1918"	"S1918"	"breast invasive carcinoma"
"S1919"	"S1919"	"breast invasive carcinoma"
"S192"	"S192"	"lung adenocarcinoma"
"S1920"	"S1920"	"lung adenocarcinoma"
"S1921"	"S1921"	"breast invasive carcinoma"
"S1922"	"S1922"	"lung adenocarcinoma"
"S1923"	"S1923"	"lung adenocarcinoma"
"S1924"	"S1924"	"breast invasive carcinoma"
"S1925"	"S1925"	"breast invasive carcinoma"
"S1926"	"S1926"	"breast invasive carcinoma"
"S1927"	"S1927"	"breast invasive carcinoma"
"S1928"	"S1928"	"kidney clear cell carcinoma"
"S1929"	"S1929"	"kidney clear cell carcinoma"
"S193"	"S193"	"kidney clear cell carcinoma"
"S1930"	"S1930"	"breast invasive carcinoma"
"S1931"	"S1931"	"breast invasive carcinoma"
"S1932"	"S1932"	"breast invasive carcinoma"
"S1933"	"S1933"	"breast invasive carcinoma"
"S1934"	"S1934"	"lung adenocarcinoma"
"S1935"	"S1935"	"lung adenocarcinoma"
"S1936"	"S1936"	"lung adenocarcinoma"
"S1937"	"S1937"	"breast invasive carcinoma"
"S1938"	"S1938"	"lung adenocarcinoma"
"S1939"	"S1939"	"lung adenocarcinoma"
"S194"	"S194"	"breast invasive carcinoma"
"S1940"	"S1940"	"kidney clear cell carcinoma"
"S1941"	"S1941"	"kidney clear cell carcinoma"
"S1942"	"S1942"	"lung adenocarcinoma"
"S1943"	"S1943"	"breast invasive carcinoma"
"S1944"	"S1944"	"breast invasive carcinoma"
"S1945"	"S1945"	"breast invasive carcinoma"
"S1946"	"S1946"	"lung adenocarcinoma"
"S1947"	"S1947"	"breast invasive carcinoma"
"S1948"	"S1948"	"breast invasive carcinoma"
"S1949"	"S1949"	"breast invasive carcinoma"
"S195"	"S195"	"breast invasive carcinoma"
"S1950"	"S1950"	"lung adenocarcinoma"
"S1951"	"S1951"	"kidney clear cell carcinoma"
"S1952"	"S1952"	"breast invasive carcinoma"
"S1953"	"S1953"	"lung adenocarcinoma"
"S1954"	"S1954"	"lung adenocarcinoma"
"S1955"	"S1955"	"lung adenocarcinoma"
"S1956"	"S1956"	"breast invasive carcinoma"
"S1957"	"S1957"	"lung adenocarcinoma"
"S1958"	"S1958"	"lung adenocarcinoma"
"S1959"	"S1959"	"breast invasive carcinoma"
"S196"	"S196"	"breast invasive carcinoma"
"S1960"	"S1960"	"lung adenocarcinoma"
"S1961"	"S1961"	"breast invasive carcinoma"
"S1962"	"S1962"	"breast invasive carcinoma"
"S1963"	"S1963"	"lung adenocarcinoma"
"S1964"	"S1964"	"breast invasive carcinoma"
"S1965"	"S1965"	"kidney clear cell carcinoma"
"S1966"	"S1966"	"breast invasive carcinoma"
"S1967"	"S1967"	"lung adenocarcinoma"
"S1968"	"S1968"	"kidney clear cell carcinoma"
"S1969"	"S1969"	"lung adenocarcinoma"
"S197"	"S197"	"breast invasive carcinoma"
"S1970"	"S1970"	"lung adenocarcinoma"
"S1971"	"S1971"	"breast invasive carcinoma"
"S1972"	"S1972"	"breast invasive carcinoma"
"S1973"	"S1973"	"breast invasive carcinoma"
"S1974"	"S1974"	"breast invasive carcinoma"
"S1975"	"S1975"	"lung adenocarcinoma"
"S1976"	"S1976"	"lung adenocarcinoma"
"S1977"	"S1977"	"lung adenocarcinoma"
"S1978"	"S1978"	"kidney clear cell carcinoma"
"S1979"	"S1979"	"kidney clear cell carcinoma"
"S198"	"S198"	"lung adenocarcinoma"
"S1980"	"S1980"	"lung adenocarcinoma"
"S1981"	"S1981"	"breast invasive carcinoma"
"S1982"	"S1982"	"breast invasive carcinoma"
"S1983"	"S1983"	"breast invasive carcinoma"
"S1984"	"S1984"	"lung adenocarcinoma"
"S1985"	"S1985"	"kidney clear cell carcinoma"
"S1986"	"S1986"	"kidney clear cell carcinoma"
"S1987"	"S1987"	"kidney clear cell carcinoma"
"S1988"	"S1988"	"lung adenocarcinoma"
"S1989"	"S1989"	"lung adenocarcinoma"
"S199"	"S199"	"kidney clear cell carcinoma"
"S1990"	"S1990"	"breast invasive carcinoma"
"S1991"	"S1991"	"breast invasive carcinoma"
"S1992"	"S1992"	"lung adenocarcinoma"
"S1993"	"S1993"	"breast invasive carcinoma"
"S1994"	"S1994"	"kidney clear cell carcinoma"
"S1995"	"S1995"	"lung adenocarcinoma"
"S1996"	"S1996"	"lung adenocarcinoma"
"S1997"	"S1997"	"breast invasive carcinoma"
"S1998"	"S1998"	"kidney clear cell carcinoma"
"S1999"	"S1999"	"breast invasive carcinoma"
"S2"	"S2"	"kidney clear cell carcinoma"
"S20"	"S20"	"breast invasive carcinoma"
"S200"	"S200"	"lung adenocarcinoma"
"S2000"	"S2000"	"kidney clear cell carcinoma"
"S2001"	"S2001"	"breast invasive carcinoma"
"S2002"	"S2002"	"breast invasive carcinoma"
"S2003"	"S2003"	"breast invasive carcinoma"
"S2004"	"S2004"	"breast invasive carcinoma"
"S2005"	"S2005"	"breast invasive carcinoma"
"S2006"	"S2006"	"breast invasive carcinoma"
"S2007"	"S2007"	"kidney clear cell carcinoma"
"S2008"	"S2008"	"lung adenocarcinoma"
"S2009"	"S2009"	"breast invasive carcinoma"
"S201"	"S201"	"breast invasive carcinoma"
"S2010"	"S2010"	"breast invasive carcinoma"
"S2011"	"S2011"	"kidney clear cell carcinoma"
"S2012"	"S2012"	"breast invasive carcinoma"
"S2013"	"S2013"	"lung adenocarcinoma"
"S2014"	"S2014"	"lung adenocarcinoma"
"S2015"	"S2015"	"kidney clear cell carcinoma"
"S2016"	"S2016"	"breast invasive carcinoma"
"S2017"	"S2017"	"breast invasive carcinoma"
"S2018"	"S2018"	"breast invasive carcinoma"
"S2019"	"S2019"	"lung adenocarcinoma"
"S202"	"S202"	"kidney clear cell carcinoma"
"S2020"	"S2020"	"breast invasive carcinoma"
"S2021"	"S2021"	"lung adenocarcinoma"
"S2022"	"S2022"	"lung adenocarcinoma"
"S2023"	"S2023"	"kidney clear cell carcinoma"
"S2024"	"S2024"	"breast invasive carcinoma"
"S2025"	"S2025"	"breast invasive carcinoma"
"S2026"	"S2026"	"lung adenocarcinoma"
"S2027"	"S2027"	"kidney clear cell carcinoma"
"S2028"	"S2028"	"lung adenocarcinoma"
"S2029"	"S2029"	"breast invasive carcinoma"
"S203"	"S203"	"kidney clear cell carcinoma"
"S2030"	"S2030"	"lung adenocarcinoma"
"S2031"	"S2031"	"breast invasive carcinoma"
"S2032"	"S2032"	"breast invasive carcinoma"
"S2033"	"S2033"	"breast invasive carcinoma"
"S2034"	"S2034"	"breast invasive carcinoma"
"S2035"	"S2035"	"lung adenocarcinoma"
"S2036"	"S2036"	"breast invasive carcinoma"
"S2037"	"S2037"	"breast invasive carcinoma"
"S2038"	"S2038"	"breast invasive carcinoma"
"S2039"	"S2039"	"lung adenocarcinoma"
"S204"	"S204"	"kidney clear cell carcinoma"
"S2040"	"S2040"	"lung adenocarcinoma"
"S2041"	"S2041"	"breast invasive carcinoma"
"S2042"	"S2042"	"breast invasive carcinoma"
"S2043"	"S2043"	"breast invasive carcinoma"
"S2044"	"S2044"	"breast invasive carcinoma"
"S2045"	"S2045"	"kidney clear cell carcinoma"
"S2046"	"S2046"	"breast invasive carcinoma"
"S2047"	"S2047"	"breast invasive carcinoma"
"S2048"	"S2048"	"breast invasive carcinoma"
"S2049"	"S2049"	"lung adenocarcinoma"
"S205"	"S205"	"kidney clear cell carcinoma"
"S2050"	"S2050"	"breast invasive carcinoma"
"S2051"	"S2051"	"breast invasive carcinoma"
"S2052"	"S2052"	"kidney clear cell carcinoma"
"S2053"	"S2053"	"breast invasive carcinoma"
"S2054"	"S2054"	"breast invasive carcinoma"
"S2055"	"S2055"	"breast invasive carcinoma"
"S2056"	"S2056"	"lung adenocarcinoma"
"S2057"	"S2057"	"breast invasive carcinoma"
"S2058"	"S2058"	"breast invasive carcinoma"
"S2059"	"S2059"	"lung adenocarcinoma"
"S206"	"S206"	"breast invasive carcinoma"
"S2060"	"S2060"	"breast invasive carcinoma"
"S2061"	"S2061"	"breast invasive carcinoma"
"S2062"	"S2062"	"lung adenocarcinoma"
"S2063"	"S2063"	"lung adenocarcinoma"
"S2064"	"S2064"	"kidney clear cell carcinoma"
"S2065"	"S2065"	"breast invasive carcinoma"
"S2066"	"S2066"	"lung adenocarcinoma"
"S2067"	"S2067"	"kidney clear cell carcinoma"
"S2068"	"S2068"	"kidney clear cell carcinoma"
"S2069"	"S2069"	"breast invasive carcinoma"
"S207"	"S207"	"kidney clear cell carcinoma"
"S2070"	"S2070"	"kidney clear cell carcinoma"
"S2071"	"S2071"	"breast invasive carcinoma"
"S2072"	"S2072"	"kidney clear cell carcinoma"
"S2073"	"S2073"	"breast invasive carcinoma"
"S2074"	"S2074"	"kidney clear cell carcinoma"
"S2075"	"S2075"	"kidney clear cell carcinoma"
"S2076"	"S2076"	"breast invasive carcinoma"
"S2077"	"S2077"	"kidney clear cell carcinoma"
"S2078"	"S2078"	"kidney clear cell carcinoma"
"S2079"	"S2079"	"breast invasive carcinoma"
"S208"	"S208"	"kidney clear cell carcinoma"
"S2080"	"S2080"	"lung adenocarcinoma"
"S2081"	"S2081"	"kidney clear cell carcinoma"
"S2082"	"S2082"	"kidney clear cell carcinoma"
"S2083"	"S2083"	"lung adenocarcinoma"
"S2084"	"S2084"	"kidney clear cell carcinoma"
"S2085"	"S2085"	"lung adenocarcinoma"
"S2086"	"S2086"	"kidney clear cell carcinoma"
"S2087"	"S2087"	"breast invasive carcinoma"
"S2088"	"S2088"	"lung adenocarcinoma"
"S2089"	"S2089"	"breast invasive carcinoma"
"S209"	"S209"	"lung adenocarcinoma"
"S2090"	"S2090"	"breast invasive carcinoma"
"S2091"	"S2091"	"kidney clear cell carcinoma"
"S2092"	"S2092"	"breast invasive carcinoma"
"S2093"	"S2093"	"breast invasive carcinoma"
"S2094"	"S2094"	"kidney clear cell carcinoma"
"S2095"	"S2095"	"kidney clear cell carcinoma"
"S2096"	"S2096"	"breast invasive carcinoma"
"S2097"	"S2097"	"breast invasive carcinoma"
"S2098"	"S2098"	"breast invasive carcinoma"
"S2099"	"S2099"	"breast invasive carcinoma"
"S21"	"S21"	"kidney clear cell carcinoma"
"S210"	"S210"	"kidney clear cell carcinoma"
"S2100"	"S2100"	"breast invasive carcinoma"
"S2101"	"S2101"	"breast invasive carcinoma"
"S2102"	"S2102"	"breast invasive carcinoma"
"S2103"	"S2103"	"lung adenocarcinoma"
"S2104"	"S2104"	"lung adenocarcinoma"
"S2105"	"S2105"	"breast invasive carcinoma"
"S2106"	"S2106"	"breast invasive carcinoma"
"S2107"	"S2107"	"kidney clear cell carcinoma"
"S2108"	"S2108"	"kidney clear cell carcinoma"
"S2109"	"S2109"	"kidney clear cell carcinoma"
"S211"	"S211"	"breast invasive carcinoma"
"S2110"	"S2110"	"breast invasive carcinoma"
"S2111"	"S2111"	"lung adenocarcinoma"
"S2112"	"S2112"	"kidney clear cell carcinoma"
"S2113"	"S2113"	"lung adenocarcinoma"
"S2114"	"S2114"	"kidney clear cell carcinoma"
"S2115"	"S2115"	"kidney clear cell carcinoma"
"S2116"	"S2116"	"breast invasive carcinoma"
"S2117"	"S2117"	"breast invasive carcinoma"
"S2118"	"S2118"	"kidney clear cell carcinoma"
"S2119"	"S2119"	"breast invasive carcinoma"
"S212"	"S212"	"kidney clear cell carcinoma"
"S2120"	"S2120"	"lung adenocarcinoma"
"S2121"	"S2121"	"breast invasive carcinoma"
"S2122"	"S2122"	"breast invasive carcinoma"
"S2123"	"S2123"	"breast invasive carcinoma"
"S2124"	"S2124"	"breast invasive carcinoma"
"S2125"	"S2125"	"kidney clear cell carcinoma"
"S2126"	"S2126"	"breast invasive carcinoma"
"S2127"	"S2127"	"lung adenocarcinoma"
"S2128"	"S2128"	"kidney clear cell carcinoma"
"S2129"	"S2129"	"breast invasive carcinoma"
"S213"	"S213"	"breast invasive carcinoma"
"S2130"	"S2130"	"lung adenocarcinoma"
"S2131"	"S2131"	"kidney clear cell carcinoma"
"S2132"	"S2132"	"lung adenocarcinoma"
"S2133"	"S2133"	"breast invasive carcinoma"
"S2134"	"S2134"	"kidney clear cell carcinoma"
"S2135"	"S2135"	"kidney clear cell carcinoma"
"S2136"	"S2136"	"lung adenocarcinoma"
"S2137"	"S2137"	"breast invasive carcinoma"
"S2138"	"S2138"	"lung adenocarcinoma"
"S2139"	"S2139"	"lung adenocarcinoma"
"S214"	"S214"	"kidney clear cell carcinoma"
"S2140"	"S2140"	"breast invasive carcinoma"
"S2141"	"S2141"	"kidney clear cell carcinoma"
"S2142"	"S2142"	"lung adenocarcinoma"
"S2143"	"S2143"	"breast invasive carcinoma"
"S2144"	"S2144"	"breast invasive carcinoma"
"S2145"	"S2145"	"lung adenocarcinoma"
"S215"	"S215"	"breast invasive carcinoma"
"S216"	"S216"	"breast invasive carcinoma"
"S217"	"S217"	"kidney clear cell carcinoma"
"S218"	"S218"	"breast invasive carcinoma"
"S219"	"S219"	"kidney clear cell carcinoma"
"S22"	"S22"	"lung adenocarcinoma"
"S220"	"S220"	"kidney clear cell carcinoma"
"S221"	"S221"	"lung adenocarcinoma"
"S222"	"S222"	"lung adenocarcinoma"
"S223"	"S223"	"breast invasive carcinoma"
"S224"	"S224"	"kidney clear cell carcinoma"
"S225"	"S225"	"breast invasive carcinoma"
"S226"	"S226"	"lung adenocarcinoma"
"S227"	"S227"	"kidney clear cell carcinoma"
"S228"	"S228"	"breast invasive carcinoma"
"S229"	"S229"	"lung adenocarcinoma"
"S23"	"S23"	"breast invasive carcinoma"
"S230"	"S230"	"kidney clear cell carcinoma"
"S231"	"S231"	"lung adenocarcinoma"
"S232"	"S232"	"breast invasive carcinoma"
"S233"	"S233"	"breast invasive carcinoma"
"S234"	"S234"	"breast invasive carcinoma"
"S235"	"S235"	"lung adenocarcinoma"
"S236"	"S236"	"lung adenocarcinoma"
"S237"	"S237"	"breast invasive carcinoma"
"S238"	"S238"	"kidney clear cell carcinoma"
"S239"	"S239"	"breast invasive carcinoma"
"S24"	"S24"	"breast invasive carcinoma"
"S240"	"S240"	"lung adenocarcinoma"
"S241"	"S241"	"breast invasive carcinoma"
"S242"	"S242"	"breast invasive carcinoma"
"S243"	"S243"	"kidney clear cell carcinoma"
"S244"	"S244"	"lung adenocarcinoma"
"S245"	"S245"	"kidney clear cell carcinoma"
"S246"	"S246"	"lung adenocarcinoma"
"S247"	"S247"	"lung adenocarcinoma"
"S248"	"S248"	"lung adenocarcinoma"
"S249"	"S249"	"breast invasive carcinoma"
"S25"	"S25"	"kidney clear cell carcinoma"
"S250"	"S250"	"lung adenocarcinoma"
"S251"	"S251"	"lung adenocarcinoma"
"S252"	"S252"	"breast invasive carcinoma"
"S253"	"S253"	"breast invasive carcinoma"
"S254"	"S254"	"kidney clear cell carcinoma"
"S255"	"S255"	"kidney clear cell carcinoma"
"S256"	"S256"	"kidney clear cell carcinoma"
"S257"	"S257"	"kidney clear cell carcinoma"
"S258"	"S258"	"breast invasive carcinoma"
"S259"	"S259"	"breast invasive carcinoma"
"S26"	"S26"	"breast invasive carcinoma"
"S260"	"S260"	"breast invasive carcinoma"
"S261"	"S261"	"lung adenocarcinoma"
"S262"	"S262"	"kidney clear cell carcinoma"
"S263"	"S263"	"breast invasive carcinoma"
"S264"	"S264"	"kidney clear cell carcinoma"
"S265"	"S265"	"breast invasive carcinoma"
"S266"	"S266"	"breast invasive carcinoma"
"S267"	"S267"	"lung adenocarcinoma"
"S268"	"S268"	"breast invasive carcinoma"
"S269"	"S269"	"lung adenocarcinoma"
"S27"	"S27"	"breast invasive carcinoma"
"S270"	"S270"	"lung adenocarcinoma"
"S271"	"S271"	"lung adenocarcinoma"
"S272"	"S272"	"breast invasive carcinoma"
"S273"	"S273"	"breast invasive carcinoma"
"S274"	"S274"	"breast invasive carcinoma"
"S275"	"S275"	"kidney clear cell carcinoma"
"S276"	"S276"	"breast invasive carcinoma"
"S277"	"S277"	"breast invasive carcinoma"
"S278"	"S278"	"lung adenocarcinoma"
"S279"	"S279"	"kidney clear cell carcinoma"
"S28"	"S28"	"lung adenocarcinoma"
"S280"	"S280"	"breast invasive carcinoma"
"S281"	"S281"	"kidney clear cell carcinoma"
"S282"	"S282"	"breast invasive carcinoma"
"S283"	"S283"	"breast invasive carcinoma"
"S284"	"S284"	"breast invasive carcinoma"
"S285"	"S285"	"breast invasive carcinoma"
"S286"	"S286"	"breast invasive carcinoma"
"S287"	"S287"	"kidney clear cell carcinoma"
"S288"	"S288"	"kidney clear cell carcinoma"
"S289"	"S289"	"breast invasive carcinoma"
"S29"	"S29"	"breast invasive carcinoma"
"S290"	"S290"	"breast invasive carcinoma"
"S291"	"S291"	"breast invasive carcinoma"
"S292"	"S292"	"kidney clear cell carcinoma"
"S293"	"S293"	"breast invasive carcinoma"
"S294"	"S294"	"breast invasive carcinoma"
"S295"	"S295"	"lung adenocarcinoma"
"S296"	"S296"	"lung adenocarcinoma"
"S297"	"S297"	"breast invasive carcinoma"
"S298"	"S298"	"breast invasive carcinoma"
"S299"	"S299"	"kidney clear cell carcinoma"
"S3"	"S3"	"kidney clear cell carcinoma"
"S30"	"S30"	"breast invasive carcinoma"
"S300"	"S300"	"breast invasive carcinoma"
"S301"	"S301"	"lung adenocarcinoma"
"S302"	"S302"	"lung adenocarcinoma"
"S303"	"S303"	"breast invasive carcinoma"
"S304"	"S304"	"kidney clear cell carcinoma"
"S305"	"S305"	"breast invasive carcinoma"
"S306"	"S306"	"kidney clear cell carcinoma"
"S307"	"S307"	"breast invasive carcinoma"
"S308"	"S308"	"breast invasive carcinoma"
"S309"	"S309"	"kidney clear cell carcinoma"
"S31"	"S31"	"breast invasive carcinoma"
"S310"	"S310"	"lung adenocarcinoma"
"S311"	"S311"	"kidney clear cell carcinoma"
"S312"	"S312"	"breast invasive carcinoma"
"S313"	"S313"	"breast invasive carcinoma"
"S314"	"S314"	"breast invasive carcinoma"
"S315"	"S315"	"kidney clear cell carcinoma"
"S316"	"S316"	"breast invasive carcinoma"
"S317"	"S317"	"kidney clear cell carcinoma"
"S318"	"S318"	"kidney clear cell carcinoma"
"S319"	"S319"	"breast invasive carcinoma"
"S32"	"S32"	"breast invasive carcinoma"
"S320"	"S320"	"kidney clear cell carcinoma"
"S321"	"S321"	"lung adenocarcinoma"
"S322"	"S322"	"kidney clear cell carcinoma"
"S323"	"S323"	"breast invasive carcinoma"
"S324"	"S324"	"breast invasive carcinoma"
"S325"	"S325"	"breast invasive carcinoma"
"S326"	"S326"	"lung adenocarcinoma"
"S327"	"S327"	"breast invasive carcinoma"
"S328"	"S328"	"breast invasive carcinoma"
"S329"	"S329"	"lung adenocarcinoma"
"S33"	"S33"	"lung adenocarcinoma"
"S330"	"S330"	"kidney clear cell carcinoma"
"S331"	"S331"	"breast invasive carcinoma"
"S332"	"S332"	"breast invasive carcinoma"
"S333"	"S333"	"breast invasive carcinoma"
"S334"	"S334"	"breast invasive carcinoma"
"S335"	"S335"	"breast invasive carcinoma"
"S336"	"S336"	"lung adenocarcinoma"
"S337"	"S337"	"breast invasive carcinoma"
"S338"	"S338"	"kidney clear cell carcinoma"
"S339"	"S339"	"breast invasive carcinoma"
"S34"	"S34"	"breast invasive carcinoma"
"S340"	"S340"	"lung adenocarcinoma"
"S341"	"S341"	"kidney clear cell carcinoma"
"S342"	"S342"	"lung adenocarcinoma"
"S343"	"S343"	"breast invasive carcinoma"
"S344"	"S344"	"breast invasive carcinoma"
"S345"	"S345"	"breast invasive carcinoma"
"S346"	"S346"	"breast invasive carcinoma"
"S347"	"S347"	"breast invasive carcinoma"
"S348"	"S348"	"kidney clear cell carcinoma"
"S349"	"S349"	"lung adenocarcinoma"
"S35"	"S35"	"lung adenocarcinoma"
"S350"	"S350"	"breast invasive carcinoma"
"S351"	"S351"	"kidney clear cell carcinoma"
"S352"	"S352"	"kidney clear cell carcinoma"
"S353"	"S353"	"lung adenocarcinoma"
"S354"	"S354"	"breast invasive carcinoma"
"S355"	"S355"	"lung adenocarcinoma"
"S356"	"S356"	"breast invasive carcinoma"
"S357"	"S357"	"kidney clear cell carcinoma"
"S358"	"S358"	"lung adenocarcinoma"
"S359"	"S359"	"kidney clear cell carcinoma"
"S36"	"S36"	"breast invasive carcinoma"
"S360"	"S360"	"lung adenocarcinoma"
"S361"	"S361"	"kidney clear cell carcinoma"
"S362"	"S362"	"breast invasive carcinoma"
"S363"	"S363"	"kidney clear cell carcinoma"
"S364"	"S364"	"lung adenocarcinoma"
"S365"	"S365"	"lung adenocarcinoma"
"S366"	"S366"	"breast invasive carcinoma"
"S367"	"S367"	"lung adenocarcinoma"
"S368"	"S368"	"lung adenocarcinoma"
"S369"	"S369"	"breast invasive carcinoma"
"S37"	"S37"	"kidney clear cell carcinoma"
"S370"	"S370"	"lung adenocarcinoma"
"S371"	"S371"	"lung adenocarcinoma"
"S372"	"S372"	"lung adenocarcinoma"
"S373"	"S373"	"lung adenocarcinoma"
"S374"	"S374"	"kidney clear cell carcinoma"
"S375"	"S375"	"kidney clear cell carcinoma"
"S376"	"S376"	"breast invasive carcinoma"
"S377"	"S377"	"kidney clear cell carcinoma"
"S378"	"S378"	"breast invasive carcinoma"
"S379"	"S379"	"breast invasive carcinoma"
"S38"	"S38"	"breast invasive carcinoma"
"S380"	"S380"	"kidney clear cell carcinoma"
"S381"	"S381"	"breast invasive carcinoma"
"S382"	"S382"	"kidney clear cell carcinoma"
"S383"	"S383"	"kidney clear cell carcinoma"
"S384"	"S384"	"lung adenocarcinoma"
"S385"	"S385"	"kidney clear cell carcinoma"
"S386"	"S386"	"kidney clear cell carcinoma"
"S387"	"S387"	"breast invasive carcinoma"
"S388"	"S388"	"breast invasive carcinoma"
"S389"	"S389"	"kidney clear cell carcinoma"
"S39"	"S39"	"kidney clear cell carcinoma"
"S390"	"S390"	"kidney clear cell carcinoma"
"S391"	"S391"	"kidney clear cell carcinoma"
"S392"	"S392"	"breast invasive carcinoma"
"S393"	"S393"	"lung adenocarcinoma"
"S394"	"S394"	"breast invasive carcinoma"
"S395"	"S395"	"breast invasive carcinoma"
"S396"	"S396"	"breast invasive carcinoma"
"S397"	"S397"	"breast invasive carcinoma"
"S398"	"S398"	"lung adenocarcinoma"
"S399"	"S399"	"breast invasive carcinoma"
"S4"	"S4"	"breast invasive carcinoma"
"S40"	"S40"	"breast invasive carcinoma"
"S400"	"S400"	"breast invasive carcinoma"
"S401"	"S401"	"lung adenocarcinoma"
"S402"	"S402"	"kidney clear cell carcinoma"
"S403"	"S403"	"breast invasive carcinoma"
"S404"	"S404"	"lung adenocarcinoma"
"S405"	"S405"	"kidney clear cell carcinoma"
"S406"	"S406"	"breast invasive carcinoma"
"S407"	"S407"	"lung adenocarcinoma"
"S408"	"S408"	"breast invasive carcinoma"
"S409"	"S409"	"breast invasive carcinoma"
"S41"	"S41"	"kidney clear cell carcinoma"
"S410"	"S410"	"lung adenocarcinoma"
"S411"	"S411"	"kidney clear cell carcinoma"
"S412"	"S412"	"breast invasive carcinoma"
"S413"	"S413"	"breast invasive carcinoma"
"S414"	"S414"	"breast invasive carcinoma"
"S415"	"S415"	"kidney clear cell carcinoma"
"S416"	"S416"	"breast invasive carcinoma"
"S417"	"S417"	"kidney clear cell carcinoma"
"S418"	"S418"	"breast invasive carcinoma"
"S419"	"S419"	"breast invasive carcinoma"
"S42"	"S42"	"breast invasive carcinoma"
"S420"	"S420"	"breast invasive carcinoma"
"S421"	"S421"	"breast invasive carcinoma"
"S422"	"S422"	"breast invasive carcinoma"
"S423"	"S423"	"kidney clear cell carcinoma"
"S424"	"S424"	"lung adenocarcinoma"
"S425"	"S425"	"lung adenocarcinoma"
"S426"	"S426"	"lung adenocarcinoma"
"S427"	"S427"	"lung adenocarcinoma"
"S428"	"S428"	"breast invasive carcinoma"
"S429"	"S429"	"lung adenocarcinoma"
"S43"	"S43"	"kidney clear cell carcinoma"
"S430"	"S430"	"breast invasive carcinoma"
"S431"	"S431"	"kidney clear cell carcinoma"
"S432"	"S432"	"lung adenocarcinoma"
"S433"	"S433"	"breast invasive carcinoma"
"S434"	"S434"	"breast invasive carcinoma"
"S435"	"S435"	"lung adenocarcinoma"
"S436"	"S436"	"breast invasive carcinoma"
"S437"	"S437"	"kidney clear cell carcinoma"
"S438"	"S438"	"breast invasive carcinoma"
"S439"	"S439"	"kidney clear cell carcinoma"
"S44"	"S44"	"breast invasive carcinoma"
"S440"	"S440"	"breast invasive carcinoma"
"S441"	"S441"	"breast invasive carcinoma"
"S442"	"S442"	"kidney clear cell carcinoma"
"S443"	"S443"	"kidney clear cell carcinoma"
"S444"	"S444"	"breast invasive carcinoma"
"S445"	"S445"	"breast invasive carcinoma"
"S446"	"S446"	"kidney clear cell carcinoma"
"S447"	"S447"	"lung adenocarcinoma"
"S448"	"S448"	"lung adenocarcinoma"
"S449"	"S449"	"kidney clear cell carcinoma"
"S45"	"S45"	"breast invasive carcinoma"
"S450"	"S450"	"kidney clear cell carcinoma"
"S451"	"S451"	"kidney clear cell carcinoma"
"S452"	"S452"	"breast invasive carcinoma"
"S453"	"S453"	"lung adenocarcinoma"
"S454"	"S454"	"lung adenocarcinoma"
"S455"	"S455"	"breast invasive carcinoma"
"S456"	"S456"	"breast invasive carcinoma"
"S457"	"S457"	"kidney clear cell carcinoma"
"S458"	"S458"	"breast invasive carcinoma"
"S459"	"S459"	"breast invasive carcinoma"
"S46"	"S46"	"kidney clear cell carcinoma"
"S460"	"S460"	"breast invasive carcinoma"
"S461"	"S461"	"breast invasive carcinoma"
"S462"	"S462"	"breast invasive carcinoma"
"S463"	"S463"	"lung adenocarcinoma"
"S464"	"S464"	"lung adenocarcinoma"
"S465"	"S465"	"kidney clear cell carcinoma"
"S466"	"S466"	"kidney clear cell carcinoma"
"S467"	"S467"	"kidney clear cell carcinoma"
"S468"	"S468"	"breast invasive carcinoma"
"S469"	"S469"	"breast invasive carcinoma"
"S47"	"S47"	"breast invasive carcinoma"
"S470"	"S470"	"lung adenocarcinoma"
"S471"	"S471"	"breast invasive carcinoma"
"S472"	"S472"	"kidney clear cell carcinoma"
"S473"	"S473"	"lung adenocarcinoma"
"S474"	"S474"	"breast invasive carcinoma"
"S475"	"S475"	"kidney clear cell carcinoma"
"S476"	"S476"	"kidney clear cell carcinoma"
"S477"	"S477"	"lung adenocarcinoma"
"S478"	"S478"	"breast invasive carcinoma"
"S479"	"S479"	"kidney clear cell carcinoma"
"S48"	"S48"	"kidney clear cell carcinoma"
"S480"	"S480"	"breast invasive carcinoma"
"S481"	"S481"	"breast invasive carcinoma"
"S482"	"S482"	"breast invasive carcinoma"
"S483"	"S483"	"breast invasive carcinoma"
"S484"	"S484"	"breast invasive carcinoma"
"S485"	"S485"	"breast invasive carcinoma"
"S486"	"S486"	"lung adenocarcinoma"
"S487"	"S487"	"lung adenocarcinoma"
"S488"	"S488"	"lung adenocarcinoma"
"S489"	"S489"	"breast invasive carcinoma"
"S49"	"S49"	"breast invasive carcinoma"
"S490"	"S490"	"kidney clear cell carcinoma"
"S491"	"S491"	"kidney clear cell carcinoma"
"S492"	"S492"	"breast invasive carcinoma"
"S493"	"S493"	"breast invasive carcinoma"
"S494"	"S494"	"kidney clear cell carcinoma"
"S495"	"S495"	"kidney clear cell carcinoma"
"S496"	"S496"	"breast invasive carcinoma"
"S497"	"S497"	"lung adenocarcinoma"
"S498"	"S498"	"breast invasive carcinoma"
"S499"	"S499"	"breast invasive carcinoma"
"S5"	"S5"	"breast invasive carcinoma"
"S50"	"S50"	"breast invasive carcinoma"
"S500"	"S500"	"kidney clear cell carcinoma"
"S501"	"S501"	"kidney clear cell carcinoma"
"S502"	"S502"	"kidney clear cell carcinoma"
"S503"	"S503"	"breast invasive carcinoma"
"S504"	"S504"	"kidney clear cell carcinoma"
"S505"	"S505"	"breast invasive carcinoma"
"S506"	"S506"	"breast invasive carcinoma"
"S507"	"S507"	"breast invasive carcinoma"
"S508"	"S508"	"breast invasive carcinoma"
"S509"	"S509"	"breast invasive carcinoma"
"S51"	"S51"	"breast invasive carcinoma"
"S510"	"S510"	"lung adenocarcinoma"
"S511"	"S511"	"kidney clear cell carcinoma"
"S512"	"S512"	"breast invasive carcinoma"
"S513"	"S513"	"breast invasive carcinoma"
"S514"	"S514"	"lung adenocarcinoma"
"S515"	"S515"	"breast invasive carcinoma"
"S516"	"S516"	"breast invasive carcinoma"
"S517"	"S517"	"kidney clear cell carcinoma"
"S518"	"S518"	"kidney clear cell carcinoma"
"S519"	"S519"	"lung adenocarcinoma"
"S52"	"S52"	"breast invasive carcinoma"
"S520"	"S520"	"kidney clear cell carcinoma"
"S521"	"S521"	"lung adenocarcinoma"
"S522"	"S522"	"breast invasive carcinoma"
"S523"	"S523"	"kidney clear cell carcinoma"
"S524"	"S524"	"breast invasive carcinoma"
"S525"	"S525"	"lung adenocarcinoma"
"S526"	"S526"	"breast invasive carcinoma"
"S527"	"S527"	"kidney clear cell carcinoma"
"S528"	"S528"	"lung adenocarcinoma"
"S529"	"S529"	"breast invasive carcinoma"
"S53"	"S53"	"kidney clear cell carcinoma"
"S530"	"S530"	"breast invasive carcinoma"
"S531"	"S531"	"lung adenocarcinoma"
"S532"	"S532"	"kidney clear cell carcinoma"
"S533"	"S533"	"breast invasive carcinoma"
"S534"	"S534"	"breast invasive carcinoma"
"S535"	"S535"	"breast invasive carcinoma"
"S536"	"S536"	"breast invasive carcinoma"
"S537"	"S537"	"lung adenocarcinoma"
"S538"	"S538"	"breast invasive carcinoma"
"S539"	"S539"	"breast invasive carcinoma"
"S54"	"S54"	"breast invasive carcinoma"
"S540"	"S540"	"breast invasive carcinoma"
"S541"	"S541"	"breast invasive carcinoma"
"S542"	"S542"	"breast invasive carcinoma"
"S543"	"S543"	"lung adenocarcinoma"
"S544"	"S544"	"lung adenocarcinoma"
"S545"	"S545"	"breast invasive carcinoma"
"S546"	"S546"	"kidney clear cell carcinoma"
"S547"	"S547"	"kidney clear cell carcinoma"
"S548"	"S548"	"breast invasive carcinoma"
"S549"	"S549"	"breast invasive carcinoma"
"S55"	"S55"	"breast invasive carcinoma"
"S550"	"S550"	"breast invasive carcinoma"
"S551"	"S551"	"breast invasive carcinoma"
"S552"	"S552"	"lung adenocarcinoma"
"S553"	"S553"	"breast invasive carcinoma"
"S554"	"S554"	"breast invasive carcinoma"
"S555"	"S555"	"lung adenocarcinoma"
"S556"	"S556"	"kidney clear cell carcinoma"
"S557"	"S557"	"breast invasive carcinoma"
"S558"	"S558"	"kidney clear cell carcinoma"
"S559"	"S559"	"lung adenocarcinoma"
"S56"	"S56"	"breast invasive carcinoma"
"S560"	"S560"	"kidney clear cell carcinoma"
"S561"	"S561"	"lung adenocarcinoma"
"S562"	"S562"	"breast invasive carcinoma"
"S563"	"S563"	"kidney clear cell carcinoma"
"S564"	"S564"	"breast invasive carcinoma"
"S565"	"S565"	"lung adenocarcinoma"
"S566"	"S566"	"lung adenocarcinoma"
"S567"	"S567"	"breast invasive carcinoma"
"S568"	"S568"	"lung adenocarcinoma"
"S569"	"S569"	"lung adenocarcinoma"
"S57"	"S57"	"kidney clear cell carcinoma"
"S570"	"S570"	"lung adenocarcinoma"
"S571"	"S571"	"breast invasive carcinoma"
"S572"	"S572"	"breast invasive carcinoma"
"S573"	"S573"	"lung adenocarcinoma"
"S574"	"S574"	"breast invasive carcinoma"
"S575"	"S575"	"kidney clear cell carcinoma"
"S576"	"S576"	"breast invasive carcinoma"
"S577"	"S577"	"kidney clear cell carcinoma"
"S578"	"S578"	"breast invasive carcinoma"
"S579"	"S579"	"lung adenocarcinoma"
"S58"	"S58"	"breast invasive carcinoma"
"S580"	"S580"	"breast invasive carcinoma"
"S581"	"S581"	"breast invasive carcinoma"
"S582"	"S582"	"breast invasive carcinoma"
"S583"	"S583"	"breast invasive carcinoma"
"S584"	"S584"	"breast invasive carcinoma"
"S585"	"S585"	"breast invasive carcinoma"
"S586"	"S586"	"breast invasive carcinoma"
"S587"	"S587"	"breast invasive carcinoma"
"S588"	"S588"	"breast invasive carcinoma"
"S589"	"S589"	"breast invasive carcinoma"
"S59"	"S59"	"breast invasive carcinoma"
"S590"	"S590"	"kidney clear cell carcinoma"
"S591"	"S591"	"breast invasive carcinoma"
"S592"	"S592"	"breast invasive carcinoma"
"S593"	"S593"	"breast invasive carcinoma"
"S594"	"S594"	"lung adenocarcinoma"
"S595"	"S595"	"kidney clear cell carcinoma"
"S596"	"S596"	"breast invasive carcinoma"
"S597"	"S597"	"breast invasive carcinoma"
"S598"	"S598"	"kidney clear cell carcinoma"
"S599"	"S599"	"breast invasive carcinoma"
"S6"	"S6"	"breast invasive carcinoma"
"S60"	"S60"	"lung adenocarcinoma"
"S600"	"S600"	"breast invasive carcinoma"
"S601"	"S601"	"kidney clear cell carcinoma"
"S602"	"S602"	"kidney clear cell carcinoma"
"S603"	"S603"	"kidney clear cell carcinoma"
"S604"	"S604"	"kidney clear cell carcinoma"
"S605"	"S605"	"breast invasive carcinoma"
"S606"	"S606"	"breast invasive carcinoma"
"S607"	"S607"	"kidney clear cell carcinoma"
"S608"	"S608"	"breast invasive carcinoma"
"S609"	"S609"	"lung adenocarcinoma"
"S61"	"S61"	"breast invasive carcinoma"
"S610"	"S610"	"breast invasive carcinoma"
"S611"	"S611"	"lung adenocarcinoma"
"S612"	"S612"	"breast invasive carcinoma"
"S613"	"S613"	"lung adenocarcinoma"
"S614"	"S614"	"kidney clear cell carcinoma"
"S615"	"S615"	"breast invasive carcinoma"
"S616"	"S616"	"lung adenocarcinoma"
"S617"	"S617"	"breast invasive carcinoma"
"S618"	"S618"	"breast invasive carcinoma"
"S619"	"S619"	"breast invasive carcinoma"
"S62"	"S62"	"breast invasive carcinoma"
"S620"	"S620"	"lung adenocarcinoma"
"S621"	"S621"	"breast invasive carcinoma"
"S622"	"S622"	"breast invasive carcinoma"
"S623"	"S623"	"breast invasive carcinoma"
"S624"	"S624"	"breast invasive carcinoma"
"S625"	"S625"	"kidney clear cell carcinoma"
"S626"	"S626"	"lung adenocarcinoma"
"S627"	"S627"	"breast invasive carcinoma"
"S628"	"S628"	"kidney clear cell carcinoma"
"S629"	"S629"	"breast invasive carcinoma"
"S63"	"S63"	"breast invasive carcinoma"
"S630"	"S630"	"kidney clear cell carcinoma"
"S631"	"S631"	"breast invasive carcinoma"
"S632"	"S632"	"breast invasive carcinoma"
"S633"	"S633"	"lung adenocarcinoma"
"S634"	"S634"	"breast invasive carcinoma"
"S635"	"S635"	"breast invasive carcinoma"
"S636"	"S636"	"lung adenocarcinoma"
"S637"	"S637"	"breast invasive carcinoma"
"S638"	"S638"	"breast invasive carcinoma"
"S639"	"S639"	"lung adenocarcinoma"
"S64"	"S64"	"lung adenocarcinoma"
"S640"	"S640"	"kidney clear cell carcinoma"
"S641"	"S641"	"breast invasive carcinoma"
"S642"	"S642"	"breast invasive carcinoma"
"S643"	"S643"	"breast invasive carcinoma"
"S644"	"S644"	"lung adenocarcinoma"
"S645"	"S645"	"lung adenocarcinoma"
"S646"	"S646"	"lung adenocarcinoma"
"S647"	"S647"	"breast invasive carcinoma"
"S648"	"S648"	"breast invasive carcinoma"
"S649"	"S649"	"lung adenocarcinoma"
"S65"	"S65"	"breast invasive carcinoma"
"S650"	"S650"	"kidney clear cell carcinoma"
"S651"	"S651"	"breast invasive carcinoma"
"S652"	"S652"	"breast invasive carcinoma"
"S653"	"S653"	"breast invasive carcinoma"
"S654"	"S654"	"kidney clear cell carcinoma"
"S655"	"S655"	"lung adenocarcinoma"
"S656"	"S656"	"lung adenocarcinoma"
"S657"	"S657"	"breast invasive carcinoma"
"S658"	"S658"	"breast invasive carcinoma"
"S659"	"S659"	"breast invasive carcinoma"
"S66"	"S66"	"breast invasive carcinoma"
"S660"	"S660"	"breast invasive carcinoma"
"S661"	"S661"	"breast invasive carcinoma"
"S662"	"S662"	"lung adenocarcinoma"
"S663"	"S663"	"breast invasive carcinoma"
"S664"	"S664"	"breast invasive carcinoma"
"S665"	"S665"	"kidney clear cell carcinoma"
"S666"	"S666"	"lung adenocarcinoma"
"S667"	"S667"	"kidney clear cell carcinoma"
"S668"	"S668"	"lung adenocarcinoma"
"S669"	"S669"	"kidney clear cell carcinoma"
"S67"	"S67"	"breast invasive carcinoma"
"S670"	"S670"	"breast invasive carcinoma"
"S671"	"S671"	"kidney clear cell carcinoma"
"S672"	"S672"	"lung adenocarcinoma"
"S673"	"S673"	"lung adenocarcinoma"
"S674"	"S674"	"breast invasive carcinoma"
"S675"	"S675"	"breast invasive carcinoma"
"S676"	"S676"	"kidney clear cell carcinoma"
"S677"	"S677"	"kidney clear cell carcinoma"
"S678"	"S678"	"kidney clear cell carcinoma"
"S679"	"S679"	"kidney clear cell carcinoma"
"S68"	"S68"	"breast invasive carcinoma"
"S680"	"S680"	"kidney clear cell carcinoma"
"S681"	"S681"	"kidney clear cell carcinoma"
"S682"	"S682"	"kidney clear cell carcinoma"
"S683"	"S683"	"lung adenocarcinoma"
"S684"	"S684"	"kidney clear cell carcinoma"
"S685"	"S685"	"kidney clear cell carcinoma"
"S686"	"S686"	"breast invasive carcinoma"
"S687"	"S687"	"kidney clear cell carcinoma"
"S688"	"S688"	"breast invasive carcinoma"
"S689"	"S689"	"lung adenocarcinoma"
"S69"	"S69"	"kidney clear cell carcinoma"
"S690"	"S690"	"kidney clear cell carcinoma"
"S691"	"S691"	"breast invasive carcinoma"
"S692"	"S692"	"breast invasive carcinoma"
"S693"	"S693"	"breast invasive carcinoma"
"S694"	"S694"	"lung adenocarcinoma"
"S695"	"S695"	"kidney clear cell carcinoma"
"S696"	"S696"	"kidney clear cell carcinoma"
"S697"	"S697"	"lung adenocarcinoma"
"S698"	"S698"	"breast invasive carcinoma"
"S699"	"S699"	"lung adenocarcinoma"
"S7"	"S7"	"breast invasive carcinoma"
"S70"	"S70"	"breast invasive carcinoma"
"S700"	"S700"	"breast invasive carcinoma"
"S701"	"S701"	"breast invasive carcinoma"
"S702"	"S702"	"kidney clear cell carcinoma"
"S703"	"S703"	"breast invasive carcinoma"
"S704"	"S704"	"breast invasive carcinoma"
"S705"	"S705"	"breast invasive carcinoma"
"S706"	"S706"	"breast invasive carcinoma"
"S707"	"S707"	"breast invasive carcinoma"
"S708"	"S708"	"lung adenocarcinoma"
"S709"	"S709"	"lung adenocarcinoma"
"S71"	"S71"	"kidney clear cell carcinoma"
"S710"	"S710"	"kidney clear cell carcinoma"
"S711"	"S711"	"breast invasive carcinoma"
"S712"	"S712"	"kidney clear cell carcinoma"
"S713"	"S713"	"breast invasive carcinoma"
"S714"	"S714"	"breast invasive carcinoma"
"S715"	"S715"	"lung adenocarcinoma"
"S716"	"S716"	"kidney clear cell carcinoma"
"S717"	"S717"	"lung adenocarcinoma"
"S718"	"S718"	"lung adenocarcinoma"
"S719"	"S719"	"lung adenocarcinoma"
"S72"	"S72"	"breast invasive carcinoma"
"S720"	"S720"	"kidney clear cell carcinoma"
"S721"	"S721"	"breast invasive carcinoma"
"S722"	"S722"	"lung adenocarcinoma"
"S723"	"S723"	"kidney clear cell carcinoma"
"S724"	"S724"	"breast invasive carcinoma"
"S725"	"S725"	"breast invasive carcinoma"
"S726"	"S726"	"kidney clear cell carcinoma"
"S727"	"S727"	"breast invasive carcinoma"
"S728"	"S728"	"breast invasive carcinoma"
"S729"	"S729"	"lung adenocarcinoma"
"S73"	"S73"	"kidney clear cell carcinoma"
"S730"	"S730"	"kidney clear cell carcinoma"
"S731"	"S731"	"kidney clear cell carcinoma"
"S732"	"S732"	"lung adenocarcinoma"
"S733"	"S733"	"breast invasive carcinoma"
"S734"	"S734"	"breast invasive carcinoma"
"S735"	"S735"	"breast invasive carcinoma"
"S736"	"S736"	"kidney clear cell carcinoma"
"S737"	"S737"	"kidney clear cell carcinoma"
"S738"	"S738"	"kidney clear cell carcinoma"
"S739"	"S739"	"breast invasive carcinoma"
"S74"	"S74"	"breast invasive carcinoma"
"S740"	"S740"	"kidney clear cell carcinoma"
"S741"	"S741"	"breast invasive carcinoma"
"S742"	"S742"	"lung adenocarcinoma"
"S743"	"S743"	"breast invasive carcinoma"
"S744"	"S744"	"lung adenocarcinoma"
"S745"	"S745"	"lung adenocarcinoma"
"S746"	"S746"	"breast invasive carcinoma"
"S747"	"S747"	"lung adenocarcinoma"
"S748"	"S748"	"breast invasive carcinoma"
"S749"	"S749"	"breast invasive carcinoma"
"S75"	"S75"	"kidney clear cell carcinoma"
"S750"	"S750"	"breast invasive carcinoma"
"S751"	"S751"	"breast invasive carcinoma"
"S752"	"S752"	"breast invasive carcinoma"
"S753"	"S753"	"breast invasive carcinoma"
"S754"	"S754"	"breast invasive carcinoma"
"S755"	"S755"	"breast invasive carcinoma"
"S756"	"S756"	"kidney clear cell carcinoma"
"S757"	"S757"	"breast invasive carcinoma"
"S758"	"S758"	"lung adenocarcinoma"
"S759"	"S759"	"lung adenocarcinoma"
"S76"	"S76"	"breast invasive carcinoma"
"S760"	"S760"	"lung adenocarcinoma"
"S761"	"S761"	"breast invasive carcinoma"
"S762"	"S762"	"breast invasive carcinoma"
"S763"	"S763"	"breast invasive carcinoma"
"S764"	"S764"	"breast invasive carcinoma"
"S765"	"S765"	"breast invasive carcinoma"
"S766"	"S766"	"breast invasive carcinoma"
"S767"	"S767"	"breast invasive carcinoma"
"S768"	"S768"	"breast invasive carcinoma"
"S769"	"S769"	"breast invasive carcinoma"
"S77"	"S77"	"breast invasive carcinoma"
"S770"	"S770"	"breast invasive carcinoma"
"S771"	"S771"	"lung adenocarcinoma"
"S772"	"S772"	"kidney clear cell carcinoma"
"S773"	"S773"	"lung adenocarcinoma"
"S774"	"S774"	"lung adenocarcinoma"
"S775"	"S775"	"breast invasive carcinoma"
"S776"	"S776"	"breast invasive carcinoma"
"S777"	"S777"	"breast invasive carcinoma"
"S778"	"S778"	"breast invasive carcinoma"
"S779"	"S779"	"kidney clear cell carcinoma"
"S78"	"S78"	"breast invasive carcinoma"
"S780"	"S780"	"lung adenocarcinoma"
"S781"	"S781"	"lung adenocarcinoma"
"S782"	"S782"	"kidney clear cell carcinoma"
"S783"	"S783"	"breast invasive carcinoma"
"S784"	"S784"	"breast invasive carcinoma"
"S785"	"S785"	"breast invasive carcinoma"
"S786"	"S786"	"breast invasive carcinoma"
"S787"	"S787"	"lung adenocarcinoma"
"S788"	"S788"	"kidney clear cell carcinoma"
"S789"	"S789"	"kidney clear cell carcinoma"
"S79"	"S79"	"breast invasive carcinoma"
"S790"	"S790"	"breast invasive carcinoma"
"S791"	"S791"	"lung adenocarcinoma"
"S792"	"S792"	"kidney clear cell carcinoma"
"S793"	"S793"	"kidney clear cell carcinoma"
"S794"	"S794"	"breast invasive carcinoma"
"S795"	"S795"	"lung adenocarcinoma"
"S796"	"S796"	"breast invasive carcinoma"
"S797"	"S797"	"breast invasive carcinoma"
"S798"	"S798"	"kidney clear cell carcinoma"
"S799"	"S799"	"breast invasive carcinoma"
"S8"	"S8"	"breast invasive carcinoma"
"S80"	"S80"	"kidney clear cell carcinoma"
"S800"	"S800"	"breast invasive carcinoma"
"S801"	"S801"	"breast invasive carcinoma"
"S802"	"S802"	"kidney clear cell carcinoma"
"S803"	"S803"	"lung adenocarcinoma"
"S804"	"S804"	"kidney clear cell carcinoma"
"S805"	"S805"	"breast invasive carcinoma"
"S806"	"S806"	"kidney clear cell carcinoma"
"S807"	"S807"	"kidney clear cell carcinoma"
"S808"	"S808"	"breast invasive carcinoma"
"S809"	"S809"	"breast invasive carcinoma"
"S81"	"S81"	"lung adenocarcinoma"
"S810"	"S810"	"breast invasive carcinoma"
"S811"	"S811"	"lung adenocarcinoma"
"S812"	"S812"	"lung adenocarcinoma"
"S813"	"S813"	"kidney clear cell carcinoma"
"S814"	"S814"	"kidney clear cell carcinoma"
"S815"	"S815"	"breast invasive carcinoma"
"S816"	"S816"	"lung adenocarcinoma"
"S817"	"S817"	"breast invasive carcinoma"
"S818"	"S818"	"breast invasive carcinoma"
"S819"	"S819"	"kidney clear cell carcinoma"
"S82"	"S82"	"lung adenocarcinoma"
"S820"	"S820"	"kidney clear cell carcinoma"
"S821"	"S821"	"lung adenocarcinoma"
"S822"	"S822"	"lung adenocarcinoma"
"S823"	"S823"	"breast invasive carcinoma"
"S824"	"S824"	"breast invasive carcinoma"
"S825"	"S825"	"lung adenocarcinoma"
"S826"	"S826"	"breast invasive carcinoma"
"S827"	"S827"	"lung adenocarcinoma"
"S828"	"S828"	"breast invasive carcinoma"
"S829"	"S829"	"breast invasive carcinoma"
"S83"	"S83"	"breast invasive carcinoma"
"S830"	"S830"	"lung adenocarcinoma"
"S831"	"S831"	"breast invasive carcinoma"
"S832"	"S832"	"kidney clear cell carcinoma"
"S833"	"S833"	"breast invasive carcinoma"
"S834"	"S834"	"breast invasive carcinoma"
"S835"	"S835"	"breast invasive carcinoma"
"S836"	"S836"	"breast invasive carcinoma"
"S837"	"S837"	"kidney clear cell carcinoma"
"S838"	"S838"	"breast invasive carcinoma"
"S839"	"S839"	"breast invasive carcinoma"
"S84"	"S84"	"lung adenocarcinoma"
"S840"	"S840"	"lung adenocarcinoma"
"S841"	"S841"	"lung adenocarcinoma"
"S842"	"S842"	"kidney clear cell carcinoma"
"S843"	"S843"	"breast invasive carcinoma"
"S844"	"S844"	"breast invasive carcinoma"
"S845"	"S845"	"lung adenocarcinoma"
"S846"	"S846"	"kidney clear cell carcinoma"
"S847"	"S847"	"breast invasive carcinoma"
"S848"	"S848"	"breast invasive carcinoma"
"S849"	"S849"	"breast invasive carcinoma"
"S85"	"S85"	"kidney clear cell carcinoma"
"S850"	"S850"	"breast invasive carcinoma"
"S851"	"S851"	"breast invasive carcinoma"
"S852"	"S852"	"kidney clear cell carcinoma"
"S853"	"S853"	"breast invasive carcinoma"
"S854"	"S854"	"breast invasive carcinoma"
"S855"	"S855"	"breast invasive carcinoma"
"S856"	"S856"	"kidney clear cell carcinoma"
"S857"	"S857"	"lung adenocarcinoma"
"S858"	"S858"	"breast invasive carcinoma"
"S859"	"S859"	"kidney clear cell carcinoma"
"S86"	"S86"	"breast invasive carcinoma"
"S860"	"S860"	"breast invasive carcinoma"
"S861"	"S861"	"breast invasive carcinoma"
"S862"	"S862"	"lung adenocarcinoma"
"S863"	"S863"	"breast invasive carcinoma"
"S864"	"S864"	"breast invasive carcinoma"
"S865"	"S865"	"breast invasive carcinoma"
"S866"	"S866"	"kidney clear cell carcinoma"
"S867"	"S867"	"kidney clear cell carcinoma"
"S868"	"S868"	"breast invasive carcinoma"
"S869"	"S869"	"kidney clear cell carcinoma"
"S87"	"S87"	"breast invasive carcinoma"
"S870"	"S870"	"breast invasive carcinoma"
"S871"	"S871"	"breast invasive carcinoma"
"S872"	"S872"	"breast invasive carcinoma"
"S873"	"S873"	"breast invasive carcinoma"
"S874"	"S874"	"lung adenocarcinoma"
"S875"	"S875"	"breast invasive carcinoma"
"S876"	"S876"	"breast invasive carcinoma"
"S877"	"S877"	"kidney clear cell carcinoma"
"S878"	"S878"	"breast invasive carcinoma"
"S879"	"S879"	"breast invasive carcinoma"
"S88"	"S88"	"kidney clear cell carcinoma"
"S880"	"S880"	"breast invasive carcinoma"
"S881"	"S881"	"lung adenocarcinoma"
"S882"	"S882"	"breast invasive carcinoma"
"S883"	"S883"	"kidney clear cell carcinoma"
"S884"	"S884"	"breast invasive carcinoma"
"S885"	"S885"	"breast invasive carcinoma"
"S886"	"S886"	"kidney clear cell carcinoma"
"S887"	"S887"	"kidney clear cell carcinoma"
"S888"	"S888"	"kidney clear cell carcinoma"
"S889"	"S889"	"lung adenocarcinoma"
"S89"	"S89"	"kidney clear cell carcinoma"
"S890"	"S890"	"breast invasive carcinoma"
"S891"	"S891"	"lung adenocarcinoma"
"S892"	"S892"	"kidney clear cell carcinoma"
"S893"	"S893"	"lung adenocarcinoma"
"S894"	"S894"	"lung adenocarcinoma"
"S895"	"S895"	"breast invasive carcinoma"
"S896"	"S896"	"kidney clear cell carcinoma"
"S897"	"S897"	"breast invasive carcinoma"
"S898"	"S898"	"lung adenocarcinoma"
"S899"	"S899"	"breast invasive carcinoma"
"S9"	"S9"	"breast invasive carcinoma"
"S90"	"S90"	"breast invasive carcinoma"
"S900"	"S900"	"kidney clear cell carcinoma"
"S901"	"S901"	"breast invasive carcinoma"
"S902"	"S902"	"kidney clear cell carcinoma"
"S903"	"S903"	"breast invasive carcinoma"
"S904"	"S904"	"breast invasive carcinoma"
"S905"	"S905"	"lung adenocarcinoma"
"S906"	"S906"	"breast invasive carcinoma"
"S907"	"S907"	"breast invasive carcinoma"
"S908"	"S908"	"breast invasive carcinoma"
"S909"	"S909"	"breast invasive carcinoma"
"S91"	"S91"	"breast invasive carcinoma"
"S910"	"S910"	"kidney clear cell carcinoma"
"S911"	"S911"	"kidney clear cell carcinoma"
"S912"	"S912"	"breast invasive carcinoma"
"S913"	"S913"	"kidney clear cell carcinoma"
"S914"	"S914"	"lung adenocarcinoma"
"S915"	"S915"	"breast invasive carcinoma"
"S916"	"S916"	"kidney clear cell carcinoma"
"S917"	"S917"	"breast invasive carcinoma"
"S918"	"S918"	"breast invasive carcinoma"
"S919"	"S919"	"lung adenocarcinoma"
"S92"	"S92"	"lung adenocarcinoma"
"S920"	"S920"	"breast invasive carcinoma"
"S921"	"S921"	"lung adenocarcinoma"
"S922"	"S922"	"breast invasive carcinoma"
"S923"	"S923"	"lung adenocarcinoma"
"S924"	"S924"	"lung adenocarcinoma"
"S925"	"S925"	"breast invasive carcinoma"
"S926"	"S926"	"breast invasive carcinoma"
"S927"	"S927"	"breast invasive carcinoma"
"S928"	"S928"	"lung adenocarcinoma"
"S929"	"S929"	"lung adenocarcinoma"
"S93"	"S93"	"kidney clear cell carcinoma"
"S930"	"S930"	"lung adenocarcinoma"
"S931"	"S931"	"lung adenocarcinoma"
"S932"	"S932"	"lung adenocarcinoma"
"S933"	"S933"	"breast invasive carcinoma"
"S934"	"S934"	"breast invasive carcinoma"
"S935"	"S935"	"breast invasive carcinoma"
"S936"	"S936"	"breast invasive carcinoma"
"S937"	"S937"	"breast invasive carcinoma"
"S938"	"S938"	"kidney clear cell carcinoma"
"S939"	"S939"	"breast invasive carcinoma"
"S94"	"S94"	"breast invasive carcinoma"
"S940"	"S940"	"breast invasive carcinoma"
"S941"	"S941"	"breast invasive carcinoma"
"S942"	"S942"	"lung adenocarcinoma"
"S943"	"S943"	"breast invasive carcinoma"
"S944"	"S944"	"lung adenocarcinoma"
"S945"	"S945"	"lung adenocarcinoma"
"S946"	"S946"	"breast invasive carcinoma"
"S947"	"S947"	"breast invasive carcinoma"
"S948"	"S948"	"lung adenocarcinoma"
"S949"	"S949"	"breast invasive carcinoma"
"S95"	"S95"	"lung adenocarcinoma"
"S950"	"S950"	"kidney clear cell carcinoma"
"S951"	"S951"	"breast invasive carcinoma"
"S952"	"S952"	"breast invasive carcinoma"
"S953"	"S953"	"breast invasive carcinoma"
"S954"	"S954"	"lung adenocarcinoma"
"S955"	"S955"	"lung adenocarcinoma"
"S956"	"S956"	"breast invasive carcinoma"
"S957"	"S957"	"kidney clear cell carcinoma"
"S958"	"S958"	"lung adenocarcinoma"
"S959"	"S959"	"breast invasive carcinoma"
"S96"	"S96"	"breast invasive carcinoma"
"S960"	"S960"	"lung adenocarcinoma"
"S961"	"S961"	"kidney clear cell carcinoma"
"S962"	"S962"	"breast invasive carcinoma"
"S963"	"S963"	"breast invasive carcinoma"
"S964"	"S964"	"breast invasive carcinoma"
"S965"	"S965"	"breast invasive carcinoma"
"S966"	"S966"	"breast invasive carcinoma"
"S967"	"S967"	"breast invasive carcinoma"
"S968"	"S968"	"kidney clear cell carcinoma"
"S969"	"S969"	"breast invasive carcinoma"
"S97"	"S97"	"kidney clear cell carcinoma"
"S970"	"S970"	"breast invasive carcinoma"
"S971"	"S971"	"breast invasive carcinoma"
"S972"	"S972"	"lung adenocarcinoma"
"S973"	"S973"	"kidney clear cell carcinoma"
"S974"	"S974"	"breast invasive carcinoma"
"S975"	"S975"	"lung adenocarcinoma"
"S976"	"S976"	"breast invasive carcinoma"
"S977"	"S977"	"breast invasive carcinoma"
"S978"	"S978"	"breast invasive carcinoma"
"S979"	"S979"	"lung adenocarcinoma"
"S98"	"S98"	"breast invasive carcinoma"
"S980"	"S980"	"breast invasive carcinoma"
"S981"	"S981"	"breast invasive carcinoma"
"S982"	"S982"	"kidney clear cell carcinoma"
"S983"	"S983"	"lung adenocarcinoma"
"S984"	"S984"	"breast invasive carcinoma"
"S985"	"S985"	"breast invasive carcinoma"
"S986"	"S986"	"breast invasive carcinoma"
"S987"	"S987"	"breast invasive carcinoma"
"S988"	"S988"	"breast invasive carcinoma"
"S989"	"S989"	"breast invasive carcinoma"
"S99"	"S99"	"breast invasive carcinoma"
"S990"	"S990"	"lung adenocarcinoma"
"S991"	"S991"	"breast invasive carcinoma"
"S992"	"S992"	"breast invasive carcinoma"
"S993"	"S993"	"kidney clear cell carcinoma"
"S994"	"S994"	"lung adenocarcinoma"
"S995"	"S995"	"breast invasive carcinoma"
"S996"	"S996"	"kidney clear cell carcinoma"
"S997"	"S997"	"breast invasive carcinoma"
"S998"	"S998"	"kidney clear cell carcinoma"
"S999"	"S999"	"kidney clear cell carcinoma"
